ANP_nombre_SIG,SIG_ID,SHP_por_ANP,KML_por_ANP,Zonificacion_SHP
Alto Golfo de California y Delta del Río Colorado,AltoGolfo,https://sig.conanp.gob.mx/container/data/shp/anp/AltoGolfo.zip,https://sig.conanp.gob.mx/container/data/kml/anp/AltoGolfo.kml,https://sig.conanp.gob.mx/container/data/shp/zonificacion/Sub_AltoGolfo.zip
Arrecife Alacranes,ArrAlacranes,https://sig.conanp.gob.mx/container/data/shp/anp/ArrAlacranes.zip,https://sig.conanp.gob.mx/container/data/kml/anp/ArrAlacranes.kml,https://sig.conanp.gob.mx/container/data/shp/zonificacion/Sub_ArrAlacranes.zip
Arrecife de Puerto Morelos,ArrPuertoMorelos,https://sig.conanp.gob.mx/container/data/shp/anp/ArrPuertoMorelos.zip,https://sig.conanp.gob.mx/container/data/kml/anp/ArrPuertoMorelos.kml,https://sig.conanp.gob.mx/container/data/shp/zonificacion/Sub_ArrPuertoMorelos.zip
Arrecifes de Cozumel,ArrCozumel,https://sig.conanp.gob.mx/container/data/shp/anp/ArrCozumel.zip,https://sig.conanp.gob.mx/container/data/kml/anp/ArrCozumel.kml,https://sig.conanp.gob.mx/container/data/shp/zonificacion/Sub_ArrCozumel.zip
Arrecifes de Sian Ka'an,ArrecifesdeSianKaan,https://sig.conanp.gob.mx/container/data/shp/anp/ArrecifesdeSianKaan.zip,https://sig.conanp.gob.mx/container/data/kml/anp/ArrecifesdeSianKaan.kml,https://sig.conanp.gob.mx/container/data/shp/zonificacion/Sub_ArrecifesdeSianKaan.zip
Arrecifes de Xcalak,ArrXcalak,https://sig.conanp.gob.mx/container/data/shp/anp/ArrXcalak.zip,https://sig.conanp.gob.mx/container/data/kml/anp/ArrXcalak.kml,https://sig.conanp.gob.mx/container/data/shp/zonificacion/Sub_ArrXcalak.zip
Arrecifes del Golfo de México-Sur,ArrGolfoMex,https://sig.conanp.gob.mx/container/data/shp/anp/ArrGolfoMex.zip,https://sig.conanp.gob.mx/container/data/kml/anp/ArrGolfoMex.kml,https://sig.conanp.gob.mx/container/data/shp/zonificacion/Sub_ArrGolfoMex.zip
Bahía de Loreto,BhLoreto,https://sig.conanp.gob.mx/container/data/shp/anp/BhLoreto.zip,https://sig.conanp.gob.mx/container/data/kml/anp/BhLoreto.kml,https://sig.conanp.gob.mx/container/data/shp/zonificacion/Sub_BhLoreto.zip
Bajos de Coyula,BajosdeCoyula,https://sig.conanp.gob.mx/container/data/shp/anp/BajosdeCoyula.zip,https://sig.conanp.gob.mx/container/data/kml/anp/BajosdeCoyula.kml,https://sig.conanp.gob.mx/container/data/shp/zonificacion/Sub_BajosdeCoyula.zip
Bajos de Coyula II,BajosCoyulaII,https://sig.conanp.gob.mx/container/data/shp/anp/BajosCoyulaII.zip,https://sig.conanp.gob.mx/container/data/kml/anp/BajosCoyulaII.kml,https://sig.conanp.gob.mx/container/data/shp/zonificacion/Sub_BajosCoyulaII.zip
Bajos del Norte,BajosdelNorte,https://sig.conanp.gob.mx/container/data/shp/anp/BajosdelNorte.zip,https://sig.conanp.gob.mx/container/data/kml/anp/BajosdelNorte.kml,https://sig.conanp.gob.mx/container/data/shp/zonificacion/Sub_BajosdelNorte.zip
Bala'an K'aax,BalaanKaax,https://sig.conanp.gob.mx/container/data/shp/anp/BalaanKaax.zip,https://sig.conanp.gob.mx/container/data/kml/anp/BalaanKaax.kml,https://sig.conanp.gob.mx/container/data/shp/zonificacion/Sub_BalaanKaax.zip
Balam Kin,BalamKin,https://sig.conanp.gob.mx/container/data/shp/anp/BalamKin.zip,https://sig.conanp.gob.mx/container/data/kml/anp/BalamKin.kml,https://sig.conanp.gob.mx/container/data/shp/zonificacion/Sub_BalamKin.zip
Balam Kú,BalamKu,https://sig.conanp.gob.mx/container/data/shp/anp/BalamKu.zip,https://sig.conanp.gob.mx/container/data/kml/anp/BalamKu.kml,https://sig.conanp.gob.mx/container/data/shp/zonificacion/Sub_BalamKu.zip
Balandra,Balandra,https://sig.conanp.gob.mx/container/data/shp/anp/Balandra.zip,https://sig.conanp.gob.mx/container/data/kml/anp/Balandra.kml,https://sig.conanp.gob.mx/container/data/shp/zonificacion/Sub_Balandra.zip
Banco Chinchorro,BChinchorro,https://sig.conanp.gob.mx/container/data/shp/anp/BChinchorro.zip,https://sig.conanp.gob.mx/container/data/kml/anp/BChinchorro.kml,https://sig.conanp.gob.mx/container/data/shp/zonificacion/Sub_BChinchorro.zip
Barra de la Cruz-Playa Grande,BarradelaCruz,https://sig.conanp.gob.mx/container/data/shp/anp/BarradelaCruz.zip,https://sig.conanp.gob.mx/container/data/kml/anp/BarradelaCruz.kml,https://sig.conanp.gob.mx/container/data/shp/zonificacion/Sub_BarradelaCruz.zip
Barranca de Metztitlán,BarrMetztitlan,https://sig.conanp.gob.mx/container/data/shp/anp/BarrMetztitlan.zip,https://sig.conanp.gob.mx/container/data/kml/anp/BarrMetztitlan.kml,https://sig.conanp.gob.mx/container/data/shp/zonificacion/Sub_BarrMetztitlan.zip
Barranca del Cupatitzio,BarrCupatitzio,https://sig.conanp.gob.mx/container/data/shp/anp/BarrCupatitzio.zip,https://sig.conanp.gob.mx/container/data/kml/anp/BarrCupatitzio.kml,https://sig.conanp.gob.mx/container/data/shp/zonificacion/Sub_BarrCupatitzio.zip
Bavispe,Bavispe,https://sig.conanp.gob.mx/container/data/shp/anp/Bavispe.zip,https://sig.conanp.gob.mx/container/data/kml/anp/Bavispe.kml,https://sig.conanp.gob.mx/container/data/shp/zonificacion/Sub_Bavispe.zip
Benito Juárez,BenitoJuarez,https://sig.conanp.gob.mx/container/data/shp/anp/BenitoJuarez.zip,https://sig.conanp.gob.mx/container/data/kml/anp/BenitoJuarez.kml,https://sig.conanp.gob.mx/container/data/shp/zonificacion/Sub_BenitoJuarez.zip
Bonampak,Bonampak,https://sig.conanp.gob.mx/container/data/shp/anp/Bonampak.zip,https://sig.conanp.gob.mx/container/data/kml/anp/Bonampak.kml,https://sig.conanp.gob.mx/container/data/shp/zonificacion/Sub_Bonampak.zip
Boquerón de Tonalá,BoqueronTonala,https://sig.conanp.gob.mx/container/data/shp/anp/BoqueronTonala.zip,https://sig.conanp.gob.mx/container/data/kml/anp/BoqueronTonala.kml,https://sig.conanp.gob.mx/container/data/shp/zonificacion/Sub_BoqueronTonala.zip
Bosencheve,Bosencheve,https://sig.conanp.gob.mx/container/data/shp/anp/Bosencheve.zip,https://sig.conanp.gob.mx/container/data/kml/anp/Bosencheve.kml,https://sig.conanp.gob.mx/container/data/shp/zonificacion/Sub_Bosencheve.zip
CADNR 001 Pabellón,CADNR001Pabellon,https://sig.conanp.gob.mx/container/data/shp/anp/CADNR001Pabellon.zip,https://sig.conanp.gob.mx/container/data/kml/anp/CADNR001Pabellon.kml,https://sig.conanp.gob.mx/container/data/shp/zonificacion/Sub_CADNR001Pabellon.zip
CADNR 004 Don Martín,CADNR004DonMartin,https://sig.conanp.gob.mx/container/data/shp/anp/CADNR004DonMartin.zip,https://sig.conanp.gob.mx/container/data/kml/anp/CADNR004DonMartin.kml,https://sig.conanp.gob.mx/container/data/shp/zonificacion/Sub_CADNR004DonMartin.zip
CADNR 026 Bajo Río San Juan,CADNR026BRSJuan,https://sig.conanp.gob.mx/container/data/shp/anp/CADNR026BRSJuan.zip,https://sig.conanp.gob.mx/container/data/kml/anp/CADNR026BRSJuan.kml,https://sig.conanp.gob.mx/container/data/shp/zonificacion/Sub_CADNR026BRSJuan.zip
CADNR 043 Estado de Nayarit,CADNR043ENayarit,https://sig.conanp.gob.mx/container/data/shp/anp/CADNR043ENayarit.zip,https://sig.conanp.gob.mx/container/data/kml/anp/CADNR043ENayarit.kml,https://sig.conanp.gob.mx/container/data/shp/zonificacion/Sub_CADNR043ENayarit.zip
Cabo Pulmo,CaboPulmo,https://sig.conanp.gob.mx/container/data/shp/anp/CaboPulmo.zip,https://sig.conanp.gob.mx/container/data/kml/anp/CaboPulmo.kml,https://sig.conanp.gob.mx/container/data/shp/zonificacion/Sub_CaboPulmo.zip
Cabo San Lucas,CaboSLucas,https://sig.conanp.gob.mx/container/data/shp/anp/CaboSLucas.zip,https://sig.conanp.gob.mx/container/data/kml/anp/CaboSLucas.kml,https://sig.conanp.gob.mx/container/data/shp/zonificacion/Sub_CaboSLucas.zip
Calakmul,Calakmul,https://sig.conanp.gob.mx/container/data/shp/anp/Calakmul.zip,https://sig.conanp.gob.mx/container/data/kml/anp/Calakmul.kml,https://sig.conanp.gob.mx/container/data/shp/zonificacion/Sub_Calakmul.zip
Campo Verde,CampoVerde,https://sig.conanp.gob.mx/container/data/shp/anp/CampoVerde.zip,https://sig.conanp.gob.mx/container/data/kml/anp/CampoVerde.kml,https://sig.conanp.gob.mx/container/data/shp/zonificacion/Sub_CampoVerde.zip
Canoas,Canoas,https://sig.conanp.gob.mx/container/data/shp/anp/Canoas.zip,https://sig.conanp.gob.mx/container/data/kml/anp/Canoas.kml,https://sig.conanp.gob.mx/container/data/shp/zonificacion/Sub_Canoas.zip
Caribe Mexicano,CaribeMex,https://sig.conanp.gob.mx/container/data/shp/anp/CaribeMex.zip,https://sig.conanp.gob.mx/container/data/kml/anp/CaribeMex.kml,https://sig.conanp.gob.mx/container/data/shp/zonificacion/Sub_CaribeMex.zip
Carmen Serdán,CarmenSerdan,https://sig.conanp.gob.mx/container/data/shp/anp/CarmenSerdan.zip,https://sig.conanp.gob.mx/container/data/kml/anp/CarmenSerdan.kml,https://sig.conanp.gob.mx/container/data/shp/zonificacion/Sub_CarmenSerdan.zip
Cascada de Agua Azul,CasAguaAzul,https://sig.conanp.gob.mx/container/data/shp/anp/CasAguaAzul.zip,https://sig.conanp.gob.mx/container/data/kml/anp/CasAguaAzul.kml,https://sig.conanp.gob.mx/container/data/shp/zonificacion/Sub_CasAguaAzul.zip
Cascada de Bassaseachic,CasBassaseachic,https://sig.conanp.gob.mx/container/data/shp/anp/CasBassaseachic.zip,https://sig.conanp.gob.mx/container/data/kml/anp/CasBassaseachic.kml,https://sig.conanp.gob.mx/container/data/shp/zonificacion/Sub_CasBassaseachic.zip
Cañón de Santa Elena,CSantaElena,https://sig.conanp.gob.mx/container/data/shp/anp/CSantaElena.zip,https://sig.conanp.gob.mx/container/data/kml/anp/CSantaElena.kml,https://sig.conanp.gob.mx/container/data/shp/zonificacion/Sub_CSantaElena.zip
Cañón del Río Blanco,CRioBlanco,https://sig.conanp.gob.mx/container/data/shp/anp/CRioBlanco.zip,https://sig.conanp.gob.mx/container/data/kml/anp/CRioBlanco.kml,https://sig.conanp.gob.mx/container/data/shp/zonificacion/Sub_CRioBlanco.zip
Cañón del Sumidero,CSumidero,https://sig.conanp.gob.mx/container/data/shp/anp/CSumidero.zip,https://sig.conanp.gob.mx/container/data/kml/anp/CSumidero.kml,https://sig.conanp.gob.mx/container/data/shp/zonificacion/Sub_CSumidero.zip
Cañón del Usumacinta,CUsumacinta,https://sig.conanp.gob.mx/container/data/shp/anp/CUsumacinta.zip,https://sig.conanp.gob.mx/container/data/kml/anp/CUsumacinta.kml,https://sig.conanp.gob.mx/container/data/shp/zonificacion/Sub_CUsumacinta.zip
Cenote Aerolito,CenoteAerolito,https://sig.conanp.gob.mx/container/data/shp/anp/CenoteAerolito.zip,https://sig.conanp.gob.mx/container/data/kml/anp/CenoteAerolito.kml,https://sig.conanp.gob.mx/container/data/shp/zonificacion/Sub_CenoteAerolito.zip
Cerro Mohinora,CerrMohinora,https://sig.conanp.gob.mx/container/data/shp/anp/CerrMohinora.zip,https://sig.conanp.gob.mx/container/data/kml/anp/CerrMohinora.kml,https://sig.conanp.gob.mx/container/data/shp/zonificacion/Sub_CerrMohinora.zip
Cerro de Garnica,CerrGarnica,https://sig.conanp.gob.mx/container/data/shp/anp/CerrGarnica.zip,https://sig.conanp.gob.mx/container/data/kml/anp/CerrGarnica.kml,https://sig.conanp.gob.mx/container/data/shp/zonificacion/Sub_CerrGarnica.zip
Cerro de la Estrella,CerrEstrella,https://sig.conanp.gob.mx/container/data/shp/anp/CerrEstrella.zip,https://sig.conanp.gob.mx/container/data/kml/anp/CerrEstrella.kml,https://sig.conanp.gob.mx/container/data/shp/zonificacion/Sub_CerrEstrella.zip
Cerro de la Silla,CerrSilla,https://sig.conanp.gob.mx/container/data/shp/anp/CerrSilla.zip,https://sig.conanp.gob.mx/container/data/kml/anp/CerrSilla.kml,https://sig.conanp.gob.mx/container/data/shp/zonificacion/Sub_CerrSilla.zip
Cerro de las Campanas,CerrCampanas,https://sig.conanp.gob.mx/container/data/shp/anp/CerrCampanas.zip,https://sig.conanp.gob.mx/container/data/kml/anp/CerrCampanas.kml,https://sig.conanp.gob.mx/container/data/shp/zonificacion/Sub_CerrCampanas.zip
Chamela Cuixmala,ChamelaCuixmala,https://sig.conanp.gob.mx/container/data/shp/anp/ChamelaCuixmala.zip,https://sig.conanp.gob.mx/container/data/kml/anp/ChamelaCuixmala.kml,https://sig.conanp.gob.mx/container/data/shp/zonificacion/Sub_ChamelaCuixmala.zip
Chan Kin,ChanKin,https://sig.conanp.gob.mx/container/data/shp/anp/ChanKin.zip,https://sig.conanp.gob.mx/container/data/kml/anp/ChanKin.kml,https://sig.conanp.gob.mx/container/data/shp/zonificacion/Sub_ChanKin.zip
Chunyaxché,Chunyaxche,https://sig.conanp.gob.mx/container/data/shp/anp/Chunyaxche.zip,https://sig.conanp.gob.mx/container/data/kml/anp/Chunyaxche.kml,https://sig.conanp.gob.mx/container/data/shp/zonificacion/Sub_Chunyaxche.zip
Ciénegas del Lerma,CienegasDelLerma,https://sig.conanp.gob.mx/container/data/shp/anp/CienegasDelLerma.zip,https://sig.conanp.gob.mx/container/data/kml/anp/CienegasDelLerma.kml,https://sig.conanp.gob.mx/container/data/shp/zonificacion/Sub_CienegasDelLerma.zip
Cofre de Perote o Nauhcampatépetl,CofrePerote,https://sig.conanp.gob.mx/container/data/shp/anp/CofrePerote.zip,https://sig.conanp.gob.mx/container/data/kml/anp/CofrePerote.kml,https://sig.conanp.gob.mx/container/data/shp/zonificacion/Sub_CofrePerote.zip
Complejo Lagunar Ojo de Liebre,OjodeLiebre,https://sig.conanp.gob.mx/container/data/shp/anp/OjodeLiebre.zip,https://sig.conanp.gob.mx/container/data/kml/anp/OjodeLiebre.kml,https://sig.conanp.gob.mx/container/data/shp/zonificacion/Sub_OjodeLiebre.zip
Constitución de 1857,Constitucion,https://sig.conanp.gob.mx/container/data/shp/anp/Constitucion.zip,https://sig.conanp.gob.mx/container/data/kml/anp/Constitucion.kml,https://sig.conanp.gob.mx/container/data/shp/zonificacion/Sub_Constitucion.zip
Corredor Biológico Chichinautzin,COBIO,https://sig.conanp.gob.mx/container/data/shp/anp/COBIO.zip,https://sig.conanp.gob.mx/container/data/kml/anp/COBIO.kml,https://sig.conanp.gob.mx/container/data/shp/zonificacion/Sub_COBIO.zip
"Costa Occidental de Isla Mujeres, Punta Cancún y Punta Nizuc",IMujeres,https://sig.conanp.gob.mx/container/data/shp/anp/IMujeres.zip,https://sig.conanp.gob.mx/container/data/kml/anp/IMujeres.kml,https://sig.conanp.gob.mx/container/data/shp/zonificacion/Sub_IMujeres.zip
Cotorra Serrana Occidental,CotorraSerrana,https://sig.conanp.gob.mx/container/data/shp/anp/CotorraSerrana.zip,https://sig.conanp.gob.mx/container/data/kml/anp/CotorraSerrana.kml,https://sig.conanp.gob.mx/container/data/shp/zonificacion/Sub_CotorraSerrana.zip
Cuatrociénegas,Cuatrocienegas,https://sig.conanp.gob.mx/container/data/shp/anp/Cuatrocienegas.zip,https://sig.conanp.gob.mx/container/data/kml/anp/Cuatrocienegas.kml,https://sig.conanp.gob.mx/container/data/shp/zonificacion/Sub_Cuatrocienegas.zip
Cumbres de Majalca,CumbresdeMajalca,https://sig.conanp.gob.mx/container/data/shp/anp/CumbresdeMajalca.zip,https://sig.conanp.gob.mx/container/data/kml/anp/CumbresdeMajalca.kml,https://sig.conanp.gob.mx/container/data/shp/zonificacion/Sub_CumbresdeMajalca.zip
Cumbres de Monterrey,CumbresMonterrey,https://sig.conanp.gob.mx/container/data/shp/anp/CumbresMonterrey.zip,https://sig.conanp.gob.mx/container/data/kml/anp/CumbresMonterrey.kml,https://sig.conanp.gob.mx/container/data/shp/zonificacion/Sub_CumbresMonterrey.zip
Cumbres del Ajusco,CumbresdelAjusco,https://sig.conanp.gob.mx/container/data/shp/anp/CumbresdelAjusco.zip,https://sig.conanp.gob.mx/container/data/kml/anp/CumbresdelAjusco.kml,https://sig.conanp.gob.mx/container/data/shp/zonificacion/Sub_CumbresdelAjusco.zip
Desierto del Carmen o de Nixcongo,DesiertoDelCarmen,https://sig.conanp.gob.mx/container/data/shp/anp/DesiertoDelCarmen.zip,https://sig.conanp.gob.mx/container/data/kml/anp/DesiertoDelCarmen.kml,https://sig.conanp.gob.mx/container/data/shp/zonificacion/Sub_DesiertoDelCarmen.zip
Dzibilchantún,Dzibilchantun,https://sig.conanp.gob.mx/container/data/shp/anp/Dzibilchantun.zip,https://sig.conanp.gob.mx/container/data/kml/anp/Dzibilchantun.kml,https://sig.conanp.gob.mx/container/data/shp/zonificacion/Sub_Dzibilchantun.zip
El Chico,ElChico,https://sig.conanp.gob.mx/container/data/shp/anp/ElChico.zip,https://sig.conanp.gob.mx/container/data/kml/anp/ElChico.kml,https://sig.conanp.gob.mx/container/data/shp/zonificacion/Sub_ElChico.zip
El Cimatario,ElCimatario,https://sig.conanp.gob.mx/container/data/shp/anp/ElCimatario.zip,https://sig.conanp.gob.mx/container/data/kml/anp/ElCimatario.kml,https://sig.conanp.gob.mx/container/data/shp/zonificacion/Sub_ElCimatario.zip
El Histórico Coyoacán,ElHistoricoCoyoacan,https://sig.conanp.gob.mx/container/data/shp/anp/ElHistoricoCoyoacan.zip,https://sig.conanp.gob.mx/container/data/kml/anp/ElHistoricoCoyoacan.kml,https://sig.conanp.gob.mx/container/data/shp/zonificacion/Sub_ElHistoricoCoyoacan.zip
El Jabalí,ElJabali,https://sig.conanp.gob.mx/container/data/shp/anp/ElJabali.zip,https://sig.conanp.gob.mx/container/data/kml/anp/ElJabali.kml,https://sig.conanp.gob.mx/container/data/shp/zonificacion/Sub_ElJabali.zip
El Lago de Camécuaro,ELLagdeCamecuaro,https://sig.conanp.gob.mx/container/data/shp/anp/ELLagdeCamecuaro.zip,https://sig.conanp.gob.mx/container/data/kml/anp/ELLagdeCamecuaro.kml,https://sig.conanp.gob.mx/container/data/shp/zonificacion/Sub_ELLagdeCamecuaro.zip
El Pinacate y Gran Desierto de Altar,ElPinacate,https://sig.conanp.gob.mx/container/data/shp/anp/ElPinacate.zip,https://sig.conanp.gob.mx/container/data/kml/anp/ElPinacate.kml,https://sig.conanp.gob.mx/container/data/shp/zonificacion/Sub_ElPinacate.zip
El Potosí,ElPotosi,https://sig.conanp.gob.mx/container/data/shp/anp/ElPotosi.zip,https://sig.conanp.gob.mx/container/data/kml/anp/ElPotosi.kml,https://sig.conanp.gob.mx/container/data/shp/zonificacion/Sub_ElPotosi.zip
El Sabinal,ElSabinal,https://sig.conanp.gob.mx/container/data/shp/anp/ElSabinal.zip,https://sig.conanp.gob.mx/container/data/kml/anp/ElSabinal.kml,https://sig.conanp.gob.mx/container/data/shp/zonificacion/Sub_ElSabinal.zip
El Tepeyac,ElTepeyac,https://sig.conanp.gob.mx/container/data/shp/anp/ElTepeyac.zip,https://sig.conanp.gob.mx/container/data/kml/anp/ElTepeyac.kml,https://sig.conanp.gob.mx/container/data/shp/zonificacion/Sub_ElTepeyac.zip
El Tepozteco,ElTepozteco,https://sig.conanp.gob.mx/container/data/shp/anp/ElTepozteco.zip,https://sig.conanp.gob.mx/container/data/kml/anp/ElTepozteco.kml,https://sig.conanp.gob.mx/container/data/shp/zonificacion/Sub_ElTepozteco.zip
El Triunfo,ElTriunfo,https://sig.conanp.gob.mx/container/data/shp/anp/ElTriunfo.zip,https://sig.conanp.gob.mx/container/data/kml/anp/ElTriunfo.kml,https://sig.conanp.gob.mx/container/data/shp/zonificacion/Sub_ElTriunfo.zip
El Vizcaíno,Vizcaino,https://sig.conanp.gob.mx/container/data/shp/anp/Vizcaino.zip,https://sig.conanp.gob.mx/container/data/kml/anp/Vizcaino.kml,https://sig.conanp.gob.mx/container/data/shp/zonificacion/Sub_Vizcaino.zip
Felipe Carrillo Puerto,FpeCarrPto,https://sig.conanp.gob.mx/container/data/shp/anp/FpeCarrPto.zip,https://sig.conanp.gob.mx/container/data/kml/anp/FpeCarrPto.kml,https://sig.conanp.gob.mx/container/data/shp/zonificacion/Sub_FpeCarrPto.zip
Fuentes Brotantes de Tlalpan,FuentesBrotantesdeTlalpan,https://sig.conanp.gob.mx/container/data/shp/anp/FuentesBrotantesdeTlalpan.zip,https://sig.conanp.gob.mx/container/data/kml/anp/FuentesBrotantesdeTlalpan.kml,https://sig.conanp.gob.mx/container/data/shp/zonificacion/Sub_FuentesBrotantesdeTlalpan.zip
General Juan Álvarez,GeneralJÁlvarez,https://sig.conanp.gob.mx/container/data/shp/anp/GeneralJÁlvarez.zip,https://sig.conanp.gob.mx/container/data/kml/anp/GeneralJÁlvarez.kml,https://sig.conanp.gob.mx/container/data/shp/zonificacion/Sub_GeneralJÁlvarez.zip
Gogorrón,Gogorron,https://sig.conanp.gob.mx/container/data/shp/anp/Gogorron.zip,https://sig.conanp.gob.mx/container/data/kml/anp/Gogorron.kml,https://sig.conanp.gob.mx/container/data/shp/zonificacion/Sub_Gogorron.zip
Grutas de Cacahuamilpa,GrutasCacahuamilpa,https://sig.conanp.gob.mx/container/data/shp/anp/GrutasCacahuamilpa.zip,https://sig.conanp.gob.mx/container/data/kml/anp/GrutasCacahuamilpa.kml,https://sig.conanp.gob.mx/container/data/shp/zonificacion/Sub_GrutasCacahuamilpa.zip
Hermenegildo Galeana,HermenegildoGaleana,https://sig.conanp.gob.mx/container/data/shp/anp/HermenegildoGaleana.zip,https://sig.conanp.gob.mx/container/data/kml/anp/HermenegildoGaleana.kml,https://sig.conanp.gob.mx/container/data/shp/zonificacion/Sub_HermenegildoGaleana.zip
Huatulco,Huatulco,https://sig.conanp.gob.mx/container/data/shp/anp/Huatulco.zip,https://sig.conanp.gob.mx/container/data/kml/anp/Huatulco.kml,https://sig.conanp.gob.mx/container/data/shp/zonificacion/Sub_Huatulco.zip
Huatulco II,HuatulcoII,https://sig.conanp.gob.mx/container/data/shp/anp/HuatulcoII.zip,https://sig.conanp.gob.mx/container/data/kml/anp/HuatulcoII.kml,https://sig.conanp.gob.mx/container/data/shp/zonificacion/Sub_HuatulcoII.zip
Humedales de Montaña La Kisst y María Eugenia,LaKisstyMaEug,https://sig.conanp.gob.mx/container/data/shp/anp/LaKisstyMaEug.zip,https://sig.conanp.gob.mx/container/data/kml/anp/LaKisstyMaEug.kml,https://sig.conanp.gob.mx/container/data/shp/zonificacion/Sub_LaKisstyMaEug.zip
Insurgente José María Morelos,InsJMMorelos,https://sig.conanp.gob.mx/container/data/shp/anp/InsJMMorelos.zip,https://sig.conanp.gob.mx/container/data/kml/anp/InsJMMorelos.kml,https://sig.conanp.gob.mx/container/data/shp/zonificacion/Sub_InsJMMorelos.zip
Insurgente Miguel Hidalgo y Costilla,InsMHyC,https://sig.conanp.gob.mx/container/data/shp/anp/InsMHyC.zip,https://sig.conanp.gob.mx/container/data/kml/anp/InsMHyC.kml,https://sig.conanp.gob.mx/container/data/shp/zonificacion/Sub_InsMHyC.zip
Isla Contoy,IContoy,https://sig.conanp.gob.mx/container/data/shp/anp/IContoy.zip,https://sig.conanp.gob.mx/container/data/kml/anp/IContoy.kml,https://sig.conanp.gob.mx/container/data/shp/zonificacion/Sub_IContoy.zip
Isla Guadalupe,IGpe,https://sig.conanp.gob.mx/container/data/shp/anp/IGpe.zip,https://sig.conanp.gob.mx/container/data/kml/anp/IGpe.kml,https://sig.conanp.gob.mx/container/data/shp/zonificacion/Sub_IGpe.zip
Isla Isabel,IIsabel,https://sig.conanp.gob.mx/container/data/shp/anp/IIsabel.zip,https://sig.conanp.gob.mx/container/data/kml/anp/IIsabel.kml,https://sig.conanp.gob.mx/container/data/shp/zonificacion/Sub_IIsabel.zip
Isla San Pedro Mártir,ISPMartir,https://sig.conanp.gob.mx/container/data/shp/anp/ISPMartir.zip,https://sig.conanp.gob.mx/container/data/kml/anp/ISPMartir.kml,https://sig.conanp.gob.mx/container/data/shp/zonificacion/Sub_ISPMartir.zip
"Islas La Pajarera, Cocinas, Mamut, Colorada, San Pedro, San Agustín, San Andrés",IdelaBahiadeChamela,https://sig.conanp.gob.mx/container/data/shp/anp/IdelaBahiadeChamela.zip,https://sig.conanp.gob.mx/container/data/kml/anp/IdelaBahiadeChamela.kml,https://sig.conanp.gob.mx/container/data/shp/zonificacion/Sub_IdelaBahiadeChamela.zip
Islas Marietas,IMarietas,https://sig.conanp.gob.mx/container/data/shp/anp/IMarietas.zip,https://sig.conanp.gob.mx/container/data/kml/anp/IMarietas.kml,https://sig.conanp.gob.mx/container/data/shp/zonificacion/Sub_IMarietas.zip
Islas Marías,IMarias,https://sig.conanp.gob.mx/container/data/shp/anp/IMarias.zip,https://sig.conanp.gob.mx/container/data/kml/anp/IMarias.kml,https://sig.conanp.gob.mx/container/data/shp/zonificacion/Sub_IMarias.zip
Islas del Golfo de California,IGolfoCalif,https://sig.conanp.gob.mx/container/data/shp/anp/IGolfoCalif.zip,https://sig.conanp.gob.mx/container/data/kml/anp/IGolfoCalif.kml,https://sig.conanp.gob.mx/container/data/shp/zonificacion/Sub_IGolfoCalif.zip
Islas del Pacífico de la Península de Baja California,IPacifico,https://sig.conanp.gob.mx/container/data/shp/anp/IPacifico.zip,https://sig.conanp.gob.mx/container/data/kml/anp/IPacifico.kml,https://sig.conanp.gob.mx/container/data/shp/zonificacion/Sub_IPacifico.zip
Iztaccíhuatl Popocatépetl,IztaPopo,https://sig.conanp.gob.mx/container/data/shp/anp/IztaPopo.zip,https://sig.conanp.gob.mx/container/data/kml/anp/IztaPopo.kml,https://sig.conanp.gob.mx/container/data/shp/zonificacion/Sub_IztaPopo.zip
Jacinto Pat,JacintoPat,https://sig.conanp.gob.mx/container/data/shp/anp/JacintoPat.zip,https://sig.conanp.gob.mx/container/data/kml/anp/JacintoPat.kml,https://sig.conanp.gob.mx/container/data/shp/zonificacion/Sub_JacintoPat.zip
Jaguar,Jaguar,https://sig.conanp.gob.mx/container/data/shp/anp/Jaguar.zip,https://sig.conanp.gob.mx/container/data/kml/anp/Jaguar.kml,https://sig.conanp.gob.mx/container/data/shp/zonificacion/Sub_Jaguar.zip
Janos,Janos,https://sig.conanp.gob.mx/container/data/shp/anp/Janos.zip,https://sig.conanp.gob.mx/container/data/kml/anp/Janos.kml,https://sig.conanp.gob.mx/container/data/shp/zonificacion/Sub_Janos.zip
Juan M. Banderas,JuanMBanderas,https://sig.conanp.gob.mx/container/data/shp/anp/JuanMBanderas.zip,https://sig.conanp.gob.mx/container/data/kml/anp/JuanMBanderas.kml,https://sig.conanp.gob.mx/container/data/shp/zonificacion/Sub_JuanMBanderas.zip
Kowtahyolo,Kowtahyolo,https://sig.conanp.gob.mx/container/data/shp/anp/Kowtahyolo.zip,https://sig.conanp.gob.mx/container/data/kml/anp/Kowtahyolo.kml,https://sig.conanp.gob.mx/container/data/shp/zonificacion/Sub_Kowtahyolo.zip
La Encrucijada,Encrucijada,https://sig.conanp.gob.mx/container/data/shp/anp/Encrucijada.zip,https://sig.conanp.gob.mx/container/data/kml/anp/Encrucijada.kml,https://sig.conanp.gob.mx/container/data/shp/zonificacion/Sub_Encrucijada.zip
La Michilía,LaMichilia,https://sig.conanp.gob.mx/container/data/shp/anp/LaMichilia.zip,https://sig.conanp.gob.mx/container/data/kml/anp/LaMichilia.kml,https://sig.conanp.gob.mx/container/data/shp/zonificacion/Sub_LaMichilia.zip
La Montaña Malinche o Matlalcuéyatl,LaMalinche,https://sig.conanp.gob.mx/container/data/shp/anp/LaMalinche.zip,https://sig.conanp.gob.mx/container/data/kml/anp/LaMalinche.kml,https://sig.conanp.gob.mx/container/data/shp/zonificacion/Sub_LaMalinche.zip
La Primavera,LaPrimavera,https://sig.conanp.gob.mx/container/data/shp/anp/LaPrimavera.zip,https://sig.conanp.gob.mx/container/data/kml/anp/LaPrimavera.kml,https://sig.conanp.gob.mx/container/data/shp/zonificacion/Sub_LaPrimavera.zip
La Sepultura,LaSepultura,https://sig.conanp.gob.mx/container/data/shp/anp/LaSepultura.zip,https://sig.conanp.gob.mx/container/data/kml/anp/LaSepultura.kml,https://sig.conanp.gob.mx/container/data/shp/zonificacion/Sub_LaSepultura.zip
"La porción norte y la franja costera oriental, terrestres y marinas de la Isla de Cozumel",ICozumel,https://sig.conanp.gob.mx/container/data/shp/anp/ICozumel.zip,https://sig.conanp.gob.mx/container/data/kml/anp/ICozumel.kml,https://sig.conanp.gob.mx/container/data/shp/zonificacion/Sub_ICozumel.zip
Lacan Tun,LacanTun,https://sig.conanp.gob.mx/container/data/shp/anp/LacanTun.zip,https://sig.conanp.gob.mx/container/data/kml/anp/LacanTun.kml,https://sig.conanp.gob.mx/container/data/shp/zonificacion/Sub_LacanTun.zip
Lago Tláhuac-Xico,LagTlahuac-Xico,https://sig.conanp.gob.mx/container/data/shp/anp/LagTlahuac-Xico.zip,https://sig.conanp.gob.mx/container/data/kml/anp/LagTlahuac-Xico.kml,https://sig.conanp.gob.mx/container/data/shp/zonificacion/Sub_LagTlahuac-Xico.zip
Lago de Texcoco,LagTexcoco,https://sig.conanp.gob.mx/container/data/shp/anp/LagTexcoco.zip,https://sig.conanp.gob.mx/container/data/kml/anp/LagTexcoco.kml,https://sig.conanp.gob.mx/container/data/shp/zonificacion/Sub_LagTexcoco.zip
Laguna Madre y Delta del Río Bravo,LagMadre,https://sig.conanp.gob.mx/container/data/shp/anp/LagMadre.zip,https://sig.conanp.gob.mx/container/data/kml/anp/LagMadre.kml,https://sig.conanp.gob.mx/container/data/shp/zonificacion/Sub_LagMadre.zip
Laguna de Términos,LagTerminos,https://sig.conanp.gob.mx/container/data/shp/anp/LagTerminos.zip,https://sig.conanp.gob.mx/container/data/kml/anp/LagTerminos.kml,https://sig.conanp.gob.mx/container/data/shp/zonificacion/Sub_LagTerminos.zip
Lagunas de Chacahua,LagChacahua,https://sig.conanp.gob.mx/container/data/shp/anp/LagChacahua.zip,https://sig.conanp.gob.mx/container/data/kml/anp/LagChacahua.kml,https://sig.conanp.gob.mx/container/data/shp/zonificacion/Sub_LagChacahua.zip
Lagunas de Montebello,LagMontebello,https://sig.conanp.gob.mx/container/data/shp/anp/LagMontebello.zip,https://sig.conanp.gob.mx/container/data/kml/anp/LagMontebello.kml,https://sig.conanp.gob.mx/container/data/shp/zonificacion/Sub_LagMontebello.zip
Lagunas de Zempoala,LagZempoala,https://sig.conanp.gob.mx/container/data/shp/anp/LagZempoala.zip,https://sig.conanp.gob.mx/container/data/kml/anp/LagZempoala.kml,https://sig.conanp.gob.mx/container/data/shp/zonificacion/Sub_LagZempoala.zip
Las Huertas,LasHuertas,https://sig.conanp.gob.mx/container/data/shp/anp/LasHuertas.zip,https://sig.conanp.gob.mx/container/data/kml/anp/LasHuertas.kml,https://sig.conanp.gob.mx/container/data/shp/zonificacion/Sub_LasHuertas.zip
Lomas de Padierna,LomasdePadierna,https://sig.conanp.gob.mx/container/data/shp/anp/LomasdePadierna.zip,https://sig.conanp.gob.mx/container/data/kml/anp/LomasdePadierna.kml,https://sig.conanp.gob.mx/container/data/shp/zonificacion/Sub_LomasdePadierna.zip
Loreto II,LoretoII,https://sig.conanp.gob.mx/container/data/shp/anp/LoretoII.zip,https://sig.conanp.gob.mx/container/data/kml/anp/LoretoII.kml,https://sig.conanp.gob.mx/container/data/shp/zonificacion/Sub_LoretoII.zip
Los Mármoles,Marmoles,https://sig.conanp.gob.mx/container/data/shp/anp/Marmoles.zip,https://sig.conanp.gob.mx/container/data/kml/anp/Marmoles.kml,https://sig.conanp.gob.mx/container/data/shp/zonificacion/Sub_Marmoles.zip
Los Novillos,LosNovillos,https://sig.conanp.gob.mx/container/data/shp/anp/LosNovillos.zip,https://sig.conanp.gob.mx/container/data/kml/anp/LosNovillos.kml,https://sig.conanp.gob.mx/container/data/shp/zonificacion/Sub_LosNovillos.zip
Los Petenes,LosPetenes,https://sig.conanp.gob.mx/container/data/shp/anp/LosPetenes.zip,https://sig.conanp.gob.mx/container/data/kml/anp/LosPetenes.kml,https://sig.conanp.gob.mx/container/data/shp/zonificacion/Sub_LosPetenes.zip
Los Remedios,LosRemedios,https://sig.conanp.gob.mx/container/data/shp/anp/LosRemedios.zip,https://sig.conanp.gob.mx/container/data/kml/anp/LosRemedios.kml,https://sig.conanp.gob.mx/container/data/shp/zonificacion/Sub_LosRemedios.zip
Los Tuxtlas,LosTuxtlas,https://sig.conanp.gob.mx/container/data/shp/anp/LosTuxtlas.zip,https://sig.conanp.gob.mx/container/data/kml/anp/LosTuxtlas.kml,https://sig.conanp.gob.mx/container/data/shp/zonificacion/Sub_LosTuxtlas.zip
Maderas del Carmen,MaderasDelCarmen,https://sig.conanp.gob.mx/container/data/shp/anp/MaderasDelCarmen.zip,https://sig.conanp.gob.mx/container/data/kml/anp/MaderasDelCarmen.kml,https://sig.conanp.gob.mx/container/data/shp/zonificacion/Sub_MaderasDelCarmen.zip
Manglares de Nichupté,ManNichupte,https://sig.conanp.gob.mx/container/data/shp/anp/ManNichupte.zip,https://sig.conanp.gob.mx/container/data/kml/anp/ManNichupte.kml,https://sig.conanp.gob.mx/container/data/shp/zonificacion/Sub_ManNichupte.zip
Manglares de Puerto Morelos,ManPtoMorelos,https://sig.conanp.gob.mx/container/data/shp/anp/ManPtoMorelos.zip,https://sig.conanp.gob.mx/container/data/kml/anp/ManPtoMorelos.kml,https://sig.conanp.gob.mx/container/data/shp/zonificacion/Sub_ManPtoMorelos.zip
Mapimí,Mapimi,https://sig.conanp.gob.mx/container/data/shp/anp/Mapimi.zip,https://sig.conanp.gob.mx/container/data/kml/anp/Mapimi.kml,https://sig.conanp.gob.mx/container/data/shp/zonificacion/Sub_Mapimi.zip
Mariposa Monarca,MariposaMonarca,https://sig.conanp.gob.mx/container/data/shp/anp/MariposaMonarca.zip,https://sig.conanp.gob.mx/container/data/kml/anp/MariposaMonarca.kml,https://sig.conanp.gob.mx/container/data/shp/zonificacion/Sub_MariposaMonarca.zip
Marismas Nacionales Nayarit,MarismasNacionales,https://sig.conanp.gob.mx/container/data/shp/anp/MarismasNacionales.zip,https://sig.conanp.gob.mx/container/data/kml/anp/MarismasNacionales.kml,https://sig.conanp.gob.mx/container/data/shp/zonificacion/Sub_MarismasNacionales.zip
Meseta de Cacaxtla,MesetaCacaxtla,https://sig.conanp.gob.mx/container/data/shp/anp/MesetaCacaxtla.zip,https://sig.conanp.gob.mx/container/data/kml/anp/MesetaCacaxtla.kml,https://sig.conanp.gob.mx/container/data/shp/zonificacion/Sub_MesetaCacaxtla.zip
Metzabok,Metzabok,https://sig.conanp.gob.mx/container/data/shp/anp/Metzabok.zip,https://sig.conanp.gob.mx/container/data/kml/anp/Metzabok.kml,https://sig.conanp.gob.mx/container/data/shp/zonificacion/Sub_Metzabok.zip
Molino de Flores Netzahualcóyotl,MolinoDeFlores,https://sig.conanp.gob.mx/container/data/shp/anp/MolinoDeFlores.zip,https://sig.conanp.gob.mx/container/data/kml/anp/MolinoDeFlores.kml,https://sig.conanp.gob.mx/container/data/shp/zonificacion/Sub_MolinoDeFlores.zip
Montes Azules,MontesAzules,https://sig.conanp.gob.mx/container/data/shp/anp/MontesAzules.zip,https://sig.conanp.gob.mx/container/data/kml/anp/MontesAzules.kml,https://sig.conanp.gob.mx/container/data/shp/zonificacion/Sub_MontesAzules.zip
Médanos de Samalayuca,MedanosSamalayuca,https://sig.conanp.gob.mx/container/data/shp/anp/MedanosSamalayuca.zip,https://sig.conanp.gob.mx/container/data/kml/anp/MedanosSamalayuca.kml,https://sig.conanp.gob.mx/container/data/shp/zonificacion/Sub_MedanosSamalayuca.zip
Nahá,Naha,https://sig.conanp.gob.mx/container/data/shp/anp/Naha.zip,https://sig.conanp.gob.mx/container/data/kml/anp/Naha.kml,https://sig.conanp.gob.mx/container/data/shp/zonificacion/Sub_Naha.zip
Nevado de Toluca,NevadoToluca,https://sig.conanp.gob.mx/container/data/shp/anp/NevadoToluca.zip,https://sig.conanp.gob.mx/container/data/kml/anp/NevadoToluca.kml,https://sig.conanp.gob.mx/container/data/shp/zonificacion/Sub_NevadoToluca.zip
Nopoló,Nopolo,https://sig.conanp.gob.mx/container/data/shp/anp/Nopolo.zip,https://sig.conanp.gob.mx/container/data/kml/anp/Nopolo.kml,https://sig.conanp.gob.mx/container/data/shp/zonificacion/Sub_Nopolo.zip
Nuevo Uxmal,NUxmal,https://sig.conanp.gob.mx/container/data/shp/anp/NUxmal.zip,https://sig.conanp.gob.mx/container/data/kml/anp/NUxmal.kml,https://sig.conanp.gob.mx/container/data/shp/zonificacion/Sub_NUxmal.zip
Ocampo,Ocampo,https://sig.conanp.gob.mx/container/data/shp/anp/Ocampo.zip,https://sig.conanp.gob.mx/container/data/kml/anp/Ocampo.kml,https://sig.conanp.gob.mx/container/data/shp/zonificacion/Sub_Ocampo.zip
Otoch Maax Yetel Kooh,Otoch,https://sig.conanp.gob.mx/container/data/shp/anp/Otoch.zip,https://sig.conanp.gob.mx/container/data/kml/anp/Otoch.kml,https://sig.conanp.gob.mx/container/data/shp/zonificacion/Sub_Otoch.zip
Pacífico Mexicano Profundo,PMProfundo,https://sig.conanp.gob.mx/container/data/shp/anp/PMProfundo.zip,https://sig.conanp.gob.mx/container/data/kml/anp/PMProfundo.kml,https://sig.conanp.gob.mx/container/data/shp/zonificacion/Sub_PMProfundo.zip
Palenque,Palenque,https://sig.conanp.gob.mx/container/data/shp/anp/Palenque.zip,https://sig.conanp.gob.mx/container/data/kml/anp/Palenque.kml,https://sig.conanp.gob.mx/container/data/shp/zonificacion/Sub_Palenque.zip
Pantanos de Centla,PantanosCentla,https://sig.conanp.gob.mx/container/data/shp/anp/PantanosCentla.zip,https://sig.conanp.gob.mx/container/data/kml/anp/PantanosCentla.kml,https://sig.conanp.gob.mx/container/data/shp/zonificacion/Sub_PantanosCentla.zip
Papigochic,Papigochic,https://sig.conanp.gob.mx/container/data/shp/anp/Papigochic.zip,https://sig.conanp.gob.mx/container/data/kml/anp/Papigochic.kml,https://sig.conanp.gob.mx/container/data/shp/zonificacion/Sub_Papigochic.zip
Peña Colorada,PeñaColorada,https://sig.conanp.gob.mx/container/data/shp/anp/PeñaColorada.zip,https://sig.conanp.gob.mx/container/data/kml/anp/PeñaColorada.kml,https://sig.conanp.gob.mx/container/data/shp/zonificacion/Sub_PeñaColorada.zip
Pico de Orizaba,PiOrizaba,https://sig.conanp.gob.mx/container/data/shp/anp/PiOrizaba.zip,https://sig.conanp.gob.mx/container/data/kml/anp/PiOrizaba.kml,https://sig.conanp.gob.mx/container/data/shp/zonificacion/Sub_PiOrizaba.zip
Pico de Tancítaro,PideTancitaro,https://sig.conanp.gob.mx/container/data/shp/anp/PideTancitaro.zip,https://sig.conanp.gob.mx/container/data/kml/anp/PideTancitaro.kml,https://sig.conanp.gob.mx/container/data/shp/zonificacion/Sub_PideTancitaro.zip
Playa Cahuitán,PCahuitan,https://sig.conanp.gob.mx/container/data/shp/anp/PCahuitan.zip,https://sig.conanp.gob.mx/container/data/kml/anp/PCahuitan.kml,https://sig.conanp.gob.mx/container/data/shp/zonificacion/Sub_PCahuitan.zip
Playa Ceuta,PCeuta,https://sig.conanp.gob.mx/container/data/shp/anp/PCeuta.zip,https://sig.conanp.gob.mx/container/data/kml/anp/PCeuta.kml,https://sig.conanp.gob.mx/container/data/shp/zonificacion/Sub_PCeuta.zip
Playa Chacahua,PBhChacahua,https://sig.conanp.gob.mx/container/data/shp/anp/PBhChacahua.zip,https://sig.conanp.gob.mx/container/data/kml/anp/PBhChacahua.kml,https://sig.conanp.gob.mx/container/data/shp/zonificacion/Sub_PBhChacahua.zip
Playa Chenkan,PChenkan,https://sig.conanp.gob.mx/container/data/shp/anp/PChenkan.zip,https://sig.conanp.gob.mx/container/data/kml/anp/PChenkan.kml,https://sig.conanp.gob.mx/container/data/shp/zonificacion/Sub_PChenkan.zip
Playa Colola,PColola,https://sig.conanp.gob.mx/container/data/shp/anp/PColola.zip,https://sig.conanp.gob.mx/container/data/kml/anp/PColola.kml,https://sig.conanp.gob.mx/container/data/shp/zonificacion/Sub_PColola.zip
Playa Cuitzmala,PCuitzmala,https://sig.conanp.gob.mx/container/data/shp/anp/PCuitzmala.zip,https://sig.conanp.gob.mx/container/data/kml/anp/PCuitzmala.kml,https://sig.conanp.gob.mx/container/data/shp/zonificacion/Sub_PCuitzmala.zip
Playa Delfines,PDelfines,https://sig.conanp.gob.mx/container/data/shp/anp/PDelfines.zip,https://sig.conanp.gob.mx/container/data/kml/anp/PDelfines.kml,https://sig.conanp.gob.mx/container/data/shp/zonificacion/Sub_PDelfines.zip
Playa El Tecuán,PElTecuan,https://sig.conanp.gob.mx/container/data/shp/anp/PElTecuan.zip,https://sig.conanp.gob.mx/container/data/kml/anp/PElTecuan.kml,https://sig.conanp.gob.mx/container/data/shp/zonificacion/Sub_PElTecuan.zip
Playa El Verde Camacho,PVerdeCamacho,https://sig.conanp.gob.mx/container/data/shp/anp/PVerdeCamacho.zip,https://sig.conanp.gob.mx/container/data/kml/anp/PVerdeCamacho.kml,https://sig.conanp.gob.mx/container/data/shp/zonificacion/Sub_PVerdeCamacho.zip
Playa Escobilla,PEscobilla,https://sig.conanp.gob.mx/container/data/shp/anp/PEscobilla.zip,https://sig.conanp.gob.mx/container/data/kml/anp/PEscobilla.kml,https://sig.conanp.gob.mx/container/data/shp/zonificacion/Sub_PEscobilla.zip
Playa Huizache Caimanero,PHuizacheCaimanero,https://sig.conanp.gob.mx/container/data/shp/anp/PHuizacheCaimanero.zip,https://sig.conanp.gob.mx/container/data/kml/anp/PHuizacheCaimanero.kml,https://sig.conanp.gob.mx/container/data/shp/zonificacion/Sub_PHuizacheCaimanero.zip
Playa Lechuguillas,PLechuguillas,https://sig.conanp.gob.mx/container/data/shp/anp/PLechuguillas.zip,https://sig.conanp.gob.mx/container/data/kml/anp/PLechuguillas.kml,https://sig.conanp.gob.mx/container/data/shp/zonificacion/Sub_PLechuguillas.zip
Playa Maruata,PMaruata,https://sig.conanp.gob.mx/container/data/shp/anp/PMaruata.zip,https://sig.conanp.gob.mx/container/data/kml/anp/PMaruata.kml,https://sig.conanp.gob.mx/container/data/shp/zonificacion/Sub_PMaruata.zip
Playa Mexiquillo,PMexiquillo,https://sig.conanp.gob.mx/container/data/shp/anp/PMexiquillo.zip,https://sig.conanp.gob.mx/container/data/kml/anp/PMexiquillo.kml,https://sig.conanp.gob.mx/container/data/shp/zonificacion/Sub_PMexiquillo.zip
Playa Mismaloya,PMismaloya,https://sig.conanp.gob.mx/container/data/shp/anp/PMismaloya.zip,https://sig.conanp.gob.mx/container/data/kml/anp/PMismaloya.kml,https://sig.conanp.gob.mx/container/data/shp/zonificacion/Sub_PMismaloya.zip
Playa Morro Ayuta,PMorroAyuta,https://sig.conanp.gob.mx/container/data/shp/anp/PMorroAyuta.zip,https://sig.conanp.gob.mx/container/data/kml/anp/PMorroAyuta.kml,https://sig.conanp.gob.mx/container/data/shp/zonificacion/Sub_PMorroAyuta.zip
Playa Piedra de Tlacoyunque,PPiedradeTlacoyunque,https://sig.conanp.gob.mx/container/data/shp/anp/PPiedradeTlacoyunque.zip,https://sig.conanp.gob.mx/container/data/kml/anp/PPiedradeTlacoyunque.kml,https://sig.conanp.gob.mx/container/data/shp/zonificacion/Sub_PPiedradeTlacoyunque.zip
Playa Platanitos,PPlatanitos,https://sig.conanp.gob.mx/container/data/shp/anp/PPlatanitos.zip,https://sig.conanp.gob.mx/container/data/kml/anp/PPlatanitos.kml,https://sig.conanp.gob.mx/container/data/shp/zonificacion/Sub_PPlatanitos.zip
Playa Puerto Arista,PPuertoArista,https://sig.conanp.gob.mx/container/data/shp/anp/PPuertoArista.zip,https://sig.conanp.gob.mx/container/data/kml/anp/PPuertoArista.kml,https://sig.conanp.gob.mx/container/data/shp/zonificacion/Sub_PPuertoArista.zip
Playa Rancho Nuevo,PRanchoNuevo,https://sig.conanp.gob.mx/container/data/shp/anp/PRanchoNuevo.zip,https://sig.conanp.gob.mx/container/data/kml/anp/PRanchoNuevo.kml,https://sig.conanp.gob.mx/container/data/shp/zonificacion/Sub_PRanchoNuevo.zip
Playa Ría Lagartos,PRíaLagartos,https://sig.conanp.gob.mx/container/data/shp/anp/PRíaLagartos.zip,https://sig.conanp.gob.mx/container/data/kml/anp/PRíaLagartos.kml,https://sig.conanp.gob.mx/container/data/shp/zonificacion/Sub_PRíaLagartos.zip
Playa Teopa,PTeopa,https://sig.conanp.gob.mx/container/data/shp/anp/PTeopa.zip,https://sig.conanp.gob.mx/container/data/kml/anp/PTeopa.kml,https://sig.conanp.gob.mx/container/data/shp/zonificacion/Sub_PTeopa.zip
Playa Tierra Colorada,PTierraColorada,https://sig.conanp.gob.mx/container/data/shp/anp/PTierraColorada.zip,https://sig.conanp.gob.mx/container/data/kml/anp/PTierraColorada.kml,https://sig.conanp.gob.mx/container/data/shp/zonificacion/Sub_PTierraColorada.zip
Playas de Isla Contoy,PsdeIContoy,https://sig.conanp.gob.mx/container/data/shp/anp/PsdeIContoy.zip,https://sig.conanp.gob.mx/container/data/kml/anp/PsdeIContoy.kml,https://sig.conanp.gob.mx/container/data/shp/zonificacion/Sub_PsdeIContoy.zip
Playas del Totonacapan,PTotonacapan,https://sig.conanp.gob.mx/container/data/shp/anp/PTotonacapan.zip,https://sig.conanp.gob.mx/container/data/kml/anp/PTotonacapan.kml,https://sig.conanp.gob.mx/container/data/shp/zonificacion/Sub_PTotonacapan.zip
Rayón,Rayón,https://sig.conanp.gob.mx/container/data/shp/anp/Rayón.zip,https://sig.conanp.gob.mx/container/data/kml/anp/Rayón.kml,https://sig.conanp.gob.mx/container/data/shp/zonificacion/Sub_Rayón.zip
Revillagigedo,Revillagigedo,https://sig.conanp.gob.mx/container/data/shp/anp/Revillagigedo.zip,https://sig.conanp.gob.mx/container/data/kml/anp/Revillagigedo.kml,https://sig.conanp.gob.mx/container/data/shp/zonificacion/Sub_Revillagigedo.zip
Ricardo Flores Magón,RicardoFloresMagon,https://sig.conanp.gob.mx/container/data/shp/anp/RicardoFloresMagon.zip,https://sig.conanp.gob.mx/container/data/kml/anp/RicardoFloresMagon.kml,https://sig.conanp.gob.mx/container/data/shp/zonificacion/Sub_RicardoFloresMagon.zip
Ría Celestún,RiaCelestun,https://sig.conanp.gob.mx/container/data/shp/anp/RiaCelestun.zip,https://sig.conanp.gob.mx/container/data/kml/anp/RiaCelestun.kml,https://sig.conanp.gob.mx/container/data/shp/zonificacion/Sub_RiaCelestun.zip
Ría Lagartos,RiaLagartos,https://sig.conanp.gob.mx/container/data/shp/anp/RiaLagartos.zip,https://sig.conanp.gob.mx/container/data/kml/anp/RiaLagartos.kml,https://sig.conanp.gob.mx/container/data/shp/zonificacion/Sub_RiaLagartos.zip
Río Bravo del Norte,RioBravo,https://sig.conanp.gob.mx/container/data/shp/anp/RioBravo.zip,https://sig.conanp.gob.mx/container/data/kml/anp/RioBravo.kml,https://sig.conanp.gob.mx/container/data/shp/zonificacion/Sub_RioBravo.zip
Ríos y Montañas de la Comarca Lagunera,ComarcaLagunera,https://sig.conanp.gob.mx/container/data/shp/anp/ComarcaLagunera.zip,https://sig.conanp.gob.mx/container/data/kml/anp/ComarcaLagunera.kml,https://sig.conanp.gob.mx/container/data/shp/zonificacion/Sub_ComarcaLagunera.zip
Sacromonte,Sacromonte,https://sig.conanp.gob.mx/container/data/shp/anp/Sacromonte.zip,https://sig.conanp.gob.mx/container/data/kml/anp/Sacromonte.kml,https://sig.conanp.gob.mx/container/data/shp/zonificacion/Sub_Sacromonte.zip
San Buenaventura,SanBuenaventura,https://sig.conanp.gob.mx/container/data/shp/anp/SanBuenaventura.zip,https://sig.conanp.gob.mx/container/data/kml/anp/SanBuenaventura.kml,https://sig.conanp.gob.mx/container/data/shp/zonificacion/Sub_SanBuenaventura.zip
San Quintín,SanQuintin,https://sig.conanp.gob.mx/container/data/shp/anp/SanQuintin.zip,https://sig.conanp.gob.mx/container/data/kml/anp/SanQuintin.kml,https://sig.conanp.gob.mx/container/data/shp/zonificacion/Sub_SanQuintin.zip
Selva El Ocote,SelvaOcote,https://sig.conanp.gob.mx/container/data/shp/anp/SelvaOcote.zip,https://sig.conanp.gob.mx/container/data/kml/anp/SelvaOcote.kml,https://sig.conanp.gob.mx/container/data/shp/zonificacion/Sub_SelvaOcote.zip
Semidesierto Zacatecano,SemidesiertoZacatecano,https://sig.conanp.gob.mx/container/data/shp/anp/SemidesiertoZacatecano.zip,https://sig.conanp.gob.mx/container/data/kml/anp/SemidesiertoZacatecano.kml,https://sig.conanp.gob.mx/container/data/shp/zonificacion/Sub_SemidesiertoZacatecano.zip
Sian Ka´an,SianKaan,https://sig.conanp.gob.mx/container/data/shp/anp/SianKaan.zip,https://sig.conanp.gob.mx/container/data/kml/anp/SianKaan.kml,https://sig.conanp.gob.mx/container/data/shp/zonificacion/Sub_SianKaan.zip
Sierra Gorda,SiGorda,https://sig.conanp.gob.mx/container/data/shp/anp/SiGorda.zip,https://sig.conanp.gob.mx/container/data/kml/anp/SiGorda.kml,https://sig.conanp.gob.mx/container/data/shp/zonificacion/Sub_SiGorda.zip
Sierra Gorda de Guanajuato,SiGordadeGto,https://sig.conanp.gob.mx/container/data/shp/anp/SiGordadeGto.zip,https://sig.conanp.gob.mx/container/data/kml/anp/SiGordadeGto.kml,https://sig.conanp.gob.mx/container/data/shp/zonificacion/Sub_SiGordadeGto.zip
Sierra La Laguna,SiLaLag,https://sig.conanp.gob.mx/container/data/shp/anp/SiLaLag.zip,https://sig.conanp.gob.mx/container/data/kml/anp/SiLaLag.kml,https://sig.conanp.gob.mx/container/data/shp/zonificacion/Sub_SiLaLag.zip
Sierra La Mojonera,SiLaMojonera,https://sig.conanp.gob.mx/container/data/shp/anp/SiLaMojonera.zip,https://sig.conanp.gob.mx/container/data/kml/anp/SiLaMojonera.kml,https://sig.conanp.gob.mx/container/data/shp/zonificacion/Sub_SiLaMojonera.zip
Sierra Tecuani,SiTecuani,https://sig.conanp.gob.mx/container/data/shp/anp/SiTecuani.zip,https://sig.conanp.gob.mx/container/data/kml/anp/SiTecuani.kml,https://sig.conanp.gob.mx/container/data/shp/zonificacion/Sub_SiTecuani.zip
Sierra de Huautla,SideHuautla,https://sig.conanp.gob.mx/container/data/shp/anp/SideHuautla.zip,https://sig.conanp.gob.mx/container/data/kml/anp/SideHuautla.kml,https://sig.conanp.gob.mx/container/data/shp/zonificacion/Sub_SideHuautla.zip
Sierra de Manantlán,SideManantlan,https://sig.conanp.gob.mx/container/data/shp/anp/SideManantlan.zip,https://sig.conanp.gob.mx/container/data/kml/anp/SideManantlan.kml,https://sig.conanp.gob.mx/container/data/shp/zonificacion/Sub_SideManantlan.zip
Sierra de Quila,SideQuila,https://sig.conanp.gob.mx/container/data/shp/anp/SideQuila.zip,https://sig.conanp.gob.mx/container/data/kml/anp/SideQuila.kml,https://sig.conanp.gob.mx/container/data/shp/zonificacion/Sub_SideQuila.zip
Sierra de San Miguelito,SideSanMiguelito,https://sig.conanp.gob.mx/container/data/shp/anp/SideSanMiguelito.zip,https://sig.conanp.gob.mx/container/data/kml/anp/SideSanMiguelito.kml,https://sig.conanp.gob.mx/container/data/shp/zonificacion/Sub_SideSanMiguelito.zip
Sierra de San Pedro Mártir,SiSanPedroMartir,https://sig.conanp.gob.mx/container/data/shp/anp/SiSanPedroMartir.zip,https://sig.conanp.gob.mx/container/data/kml/anp/SiSanPedroMartir.kml,https://sig.conanp.gob.mx/container/data/shp/zonificacion/Sub_SiSanPedroMartir.zip
Sierra de Tamaulipas,SideTamaulipas,https://sig.conanp.gob.mx/container/data/shp/anp/SideTamaulipas.zip,https://sig.conanp.gob.mx/container/data/kml/anp/SideTamaulipas.kml,https://sig.conanp.gob.mx/container/data/shp/zonificacion/Sub_SideTamaulipas.zip
Sierra de Vallejo-Río Ameca,SiVallejo,https://sig.conanp.gob.mx/container/data/shp/anp/SiVallejo.zip,https://sig.conanp.gob.mx/container/data/kml/anp/SiVallejo.kml,https://sig.conanp.gob.mx/container/data/shp/zonificacion/Sub_SiVallejo.zip
Sierra de Álamos Río Cuchujaqui,SiAlamos,https://sig.conanp.gob.mx/container/data/shp/anp/SiAlamos.zip,https://sig.conanp.gob.mx/container/data/kml/anp/SiAlamos.kml,https://sig.conanp.gob.mx/container/data/shp/zonificacion/Sub_SiAlamos.zip
Sierra de Álvarez,SideAlvarez,https://sig.conanp.gob.mx/container/data/shp/anp/SideAlvarez.zip,https://sig.conanp.gob.mx/container/data/kml/anp/SideAlvarez.kml,https://sig.conanp.gob.mx/container/data/shp/zonificacion/Sub_SideAlvarez.zip
Sierra de Órganos,SideOrganos,https://sig.conanp.gob.mx/container/data/shp/anp/SideOrganos.zip,https://sig.conanp.gob.mx/container/data/kml/anp/SideOrganos.kml,https://sig.conanp.gob.mx/container/data/shp/zonificacion/Sub_SideOrganos.zip
Sierra del Abra Tanchipa,SidelAbraTanchipa,https://sig.conanp.gob.mx/container/data/shp/anp/SidelAbraTanchipa.zip,https://sig.conanp.gob.mx/container/data/kml/anp/SidelAbraTanchipa.kml,https://sig.conanp.gob.mx/container/data/shp/zonificacion/Sub_SidelAbraTanchipa.zip
Sistema Arrecifal Lobos Tuxpan,SArrLobosTuxpan,https://sig.conanp.gob.mx/container/data/shp/anp/SArrLobosTuxpan.zip,https://sig.conanp.gob.mx/container/data/kml/anp/SArrLobosTuxpan.kml,https://sig.conanp.gob.mx/container/data/shp/zonificacion/Sub_SArrLobosTuxpan.zip
Sistema Arrecifal Veracruzano,SAVeracruzano,https://sig.conanp.gob.mx/container/data/shp/anp/SAVeracruzano.zip,https://sig.conanp.gob.mx/container/data/kml/anp/SAVeracruzano.kml,https://sig.conanp.gob.mx/container/data/shp/zonificacion/Sub_SAVeracruzano.zip
Tangolunda,Tangolunda,https://sig.conanp.gob.mx/container/data/shp/anp/Tangolunda.zip,https://sig.conanp.gob.mx/container/data/kml/anp/Tangolunda.kml,https://sig.conanp.gob.mx/container/data/shp/zonificacion/Sub_Tangolunda.zip
Tehuacán Cuicatlán,Tehuacan,https://sig.conanp.gob.mx/container/data/shp/anp/Tehuacan.zip,https://sig.conanp.gob.mx/container/data/kml/anp/Tehuacan.kml,https://sig.conanp.gob.mx/container/data/shp/zonificacion/Sub_Tehuacan.zip
Tiburón Ballena,TiburonBallena,https://sig.conanp.gob.mx/container/data/shp/anp/TiburonBallena.zip,https://sig.conanp.gob.mx/container/data/kml/anp/TiburonBallena.kml,https://sig.conanp.gob.mx/container/data/shp/zonificacion/Sub_TiburonBallena.zip
Tlachinoltepetl,Tlachinoltepetl,https://sig.conanp.gob.mx/container/data/shp/anp/Tlachinoltepetl.zip,https://sig.conanp.gob.mx/container/data/kml/anp/Tlachinoltepetl.kml,https://sig.conanp.gob.mx/container/data/shp/zonificacion/Sub_Tlachinoltepetl.zip
Tula,Tula,https://sig.conanp.gob.mx/container/data/shp/anp/Tula.zip,https://sig.conanp.gob.mx/container/data/kml/anp/Tula.kml,https://sig.conanp.gob.mx/container/data/shp/zonificacion/Sub_Tula.zip
Tulum,Tulum,https://sig.conanp.gob.mx/container/data/shp/anp/Tulum.zip,https://sig.conanp.gob.mx/container/data/kml/anp/Tulum.kml,https://sig.conanp.gob.mx/container/data/shp/zonificacion/Sub_Tulum.zip
Tutuaca,Tutuaca,https://sig.conanp.gob.mx/container/data/shp/anp/Tutuaca.zip,https://sig.conanp.gob.mx/container/data/kml/anp/Tutuaca.kml,https://sig.conanp.gob.mx/container/data/shp/zonificacion/Sub_Tutuaca.zip
Uaymil,Uaymil,https://sig.conanp.gob.mx/container/data/shp/anp/Uaymil.zip,https://sig.conanp.gob.mx/container/data/kml/anp/Uaymil.kml,https://sig.conanp.gob.mx/container/data/shp/zonificacion/Sub_Uaymil.zip
Valle de los Cirios,ValleCirios,https://sig.conanp.gob.mx/container/data/shp/anp/ValleCirios.zip,https://sig.conanp.gob.mx/container/data/kml/anp/ValleCirios.kml,https://sig.conanp.gob.mx/container/data/shp/zonificacion/Sub_ValleCirios.zip
Ventilas Hidrotermales de la Cuenca de Guaymas y de la Dorsal del Pacífico Oriental,Ventilas,https://sig.conanp.gob.mx/container/data/shp/anp/Ventilas.zip,https://sig.conanp.gob.mx/container/data/kml/anp/Ventilas.kml,https://sig.conanp.gob.mx/container/data/shp/zonificacion/Sub_Ventilas.zip
Vicente Guerrero,VicenteGuerrero,https://sig.conanp.gob.mx/container/data/shp/anp/VicenteGuerrero.zip,https://sig.conanp.gob.mx/container/data/kml/anp/VicenteGuerrero.kml,https://sig.conanp.gob.mx/container/data/shp/zonificacion/Sub_VicenteGuerrero.zip
Volcán Nevado de Colima,VolcanNevadoColima,https://sig.conanp.gob.mx/container/data/shp/anp/VolcanNevadoColima.zip,https://sig.conanp.gob.mx/container/data/kml/anp/VolcanNevadoColima.kml,https://sig.conanp.gob.mx/container/data/shp/zonificacion/Sub_VolcanNevadoColima.zip
Volcán Tacaná,VolcanTacana,https://sig.conanp.gob.mx/container/data/shp/anp/VolcanTacana.zip,https://sig.conanp.gob.mx/container/data/kml/anp/VolcanTacana.kml,https://sig.conanp.gob.mx/container/data/shp/zonificacion/Sub_VolcanTacana.zip
Wanha',Wanha,https://sig.conanp.gob.mx/container/data/shp/anp/Wanha.zip,https://sig.conanp.gob.mx/container/data/kml/anp/Wanha.kml,https://sig.conanp.gob.mx/container/data/shp/zonificacion/Sub_Wanha.zip
Xicoténcatl,Xicotencatl,https://sig.conanp.gob.mx/container/data/shp/anp/Xicotencatl.zip,https://sig.conanp.gob.mx/container/data/kml/anp/Xicotencatl.kml,https://sig.conanp.gob.mx/container/data/shp/zonificacion/Sub_Xicotencatl.zip
Yagul,Yagul,https://sig.conanp.gob.mx/container/data/shp/anp/Yagul.zip,https://sig.conanp.gob.mx/container/data/kml/anp/Yagul.kml,https://sig.conanp.gob.mx/container/data/shp/zonificacion/Sub_Yagul.zip
Yaxchilán,Yaxchilan,https://sig.conanp.gob.mx/container/data/shp/anp/Yaxchilan.zip,https://sig.conanp.gob.mx/container/data/kml/anp/Yaxchilan.kml,https://sig.conanp.gob.mx/container/data/shp/zonificacion/Sub_Yaxchilan.zip
Yum Balam,YumBalam,https://sig.conanp.gob.mx/container/data/shp/anp/YumBalam.zip,https://sig.conanp.gob.mx/container/data/kml/anp/YumBalam.kml,https://sig.conanp.gob.mx/container/data/shp/zonificacion/Sub_YumBalam.zip
"ZPF La Concordia, Ángel Albino Corzo, Villa Flores y Jiquipilas",LaConcordia,https://sig.conanp.gob.mx/container/data/shp/anp/LaConcordia.zip,https://sig.conanp.gob.mx/container/data/kml/anp/LaConcordia.kml,https://sig.conanp.gob.mx/container/data/shp/zonificacion/Sub_LaConcordia.zip
ZPFV de los terrenos forestales de Villa Allende,VillaAllende,https://sig.conanp.gob.mx/container/data/shp/anp/VillaAllende.zip,https://sig.conanp.gob.mx/container/data/kml/anp/VillaAllende.kml,https://sig.conanp.gob.mx/container/data/shp/zonificacion/Sub_VillaAllende.zip
Zicuirán Infiernillo,Zicuiran_Infiernillo,https://sig.conanp.gob.mx/container/data/shp/anp/Zicuiran_Infiernillo.zip,https://sig.conanp.gob.mx/container/data/kml/anp/Zicuiran_Infiernillo.kml,https://sig.conanp.gob.mx/container/data/shp/zonificacion/Sub_Zicuiran_Infiernillo.zip
Zona Marina de la Isla Isabel,ZMIIsabel,https://sig.conanp.gob.mx/container/data/shp/anp/ZMIIsabel.zip,https://sig.conanp.gob.mx/container/data/kml/anp/ZMIIsabel.kml,https://sig.conanp.gob.mx/container/data/shp/zonificacion/Sub_ZMIIsabel.zip
Zona Protectora Forestal Vedada Cuenca Hidrográfica del Río Necaxa,CuenHidroRioNecaxa,https://sig.conanp.gob.mx/container/data/shp/anp/CuenHidroRioNecaxa.zip,https://sig.conanp.gob.mx/container/data/kml/anp/CuenHidroRioNecaxa.kml,https://sig.conanp.gob.mx/container/data/shp/zonificacion/Sub_CuenHidroRioNecaxa.zip
"Zona Protectora Forestal los terrenos constitutivos de las cuencas de los ríos Valle de Bravo, Malacatepec, Tilostoc y Temascaltepec",ValledeBravo,https://sig.conanp.gob.mx/container/data/shp/anp/ValledeBravo.zip,https://sig.conanp.gob.mx/container/data/kml/anp/ValledeBravo.kml,https://sig.conanp.gob.mx/container/data/shp/zonificacion/Sub_ValledeBravo.zip
"Zona marina Bahía de los Ángeles, canales de Ballenas y de Salsipuedes",ZMBhAngeles,https://sig.conanp.gob.mx/container/data/shp/anp/ZMBhAngeles.zip,https://sig.conanp.gob.mx/container/data/kml/anp/ZMBhAngeles.kml,https://sig.conanp.gob.mx/container/data/shp/zonificacion/Sub_ZMBhAngeles.zip
Zona marina del Archipiélago de Espíritu Santo,ZMArchEspSanto,https://sig.conanp.gob.mx/container/data/shp/anp/ZMArchEspSanto.zip,https://sig.conanp.gob.mx/container/data/kml/anp/ZMArchEspSanto.kml,https://sig.conanp.gob.mx/container/data/shp/zonificacion/Sub_ZMArchEspSanto.zip
Zona marina del Archipiélago de San Lorenzo,ZMArchSanLorenzo,https://sig.conanp.gob.mx/container/data/shp/anp/ZMArchSanLorenzo.zip,https://sig.conanp.gob.mx/container/data/kml/anp/ZMArchSanLorenzo.kml,https://sig.conanp.gob.mx/container/data/shp/zonificacion/Sub_ZMArchSanLorenzo.zip
