ANP_nombre_SIMEC,SIMEC_ID,Ficha_SIMEC,Ficha_PDF,Decretos_info
Alto Golfo de California y Delta del Río Colorado,2,https://simec.conanp.gob.mx/ficha.php?anp=2,https://simec.conanp.gob.mx/ficha_pdf.php?anp=2&reg=,Ver ficha para decretos y programa de manejo
Arrecife Alacranes,61,https://simec.conanp.gob.mx/ficha.php?anp=61,https://simec.conanp.gob.mx/ficha_pdf.php?anp=61&reg=,Ver ficha para decretos y programa de manejo
Arrecife de Puerto Morelos,83,https://simec.conanp.gob.mx/ficha.php?anp=83,https://simec.conanp.gob.mx/ficha_pdf.php?anp=83&reg=,Ver ficha para decretos y programa de manejo
Arrecifes de Cozumel,30,https://simec.conanp.gob.mx/ficha.php?anp=30,https://simec.conanp.gob.mx/ficha_pdf.php?anp=30&reg=,Ver ficha para decretos y programa de manejo
Arrecifes de Sian Kaan,84,https://simec.conanp.gob.mx/ficha.php?anp=84,https://simec.conanp.gob.mx/ficha_pdf.php?anp=84&reg=,Ver ficha para decretos y programa de manejo
Arrecifes de Xcalak,37,https://simec.conanp.gob.mx/ficha.php?anp=37,https://simec.conanp.gob.mx/ficha_pdf.php?anp=37&reg=,Ver ficha para decretos y programa de manejo
Arrecifes del Golfo de México-Sur,248,https://simec.conanp.gob.mx/ficha.php?anp=248,https://simec.conanp.gob.mx/ficha_pdf.php?anp=248&reg=,Ver ficha para decretos y programa de manejo
Bahía de Loreto,31,https://simec.conanp.gob.mx/ficha.php?anp=31,https://simec.conanp.gob.mx/ficha_pdf.php?anp=31&reg=,Ver ficha para decretos y programa de manejo
Bajos de Coyula,204,https://simec.conanp.gob.mx/ficha.php?anp=204,https://simec.conanp.gob.mx/ficha_pdf.php?anp=204&reg=,Ver ficha para decretos y programa de manejo
Bajos de Coyula II,251,https://simec.conanp.gob.mx/ficha.php?anp=251,https://simec.conanp.gob.mx/ficha_pdf.php?anp=251&reg=,Ver ficha para decretos y programa de manejo
Bajos del Norte,230,https://simec.conanp.gob.mx/ficha.php?anp=230,https://simec.conanp.gob.mx/ficha_pdf.php?anp=230&reg=,Ver ficha para decretos y programa de manejo
Balaan Kaax,45,https://simec.conanp.gob.mx/ficha.php?anp=45,https://simec.conanp.gob.mx/ficha_pdf.php?anp=45&reg=,Ver ficha para decretos y programa de manejo
Balam Kin,215,https://simec.conanp.gob.mx/ficha.php?anp=215,https://simec.conanp.gob.mx/ficha_pdf.php?anp=215&reg=,Ver ficha para decretos y programa de manejo
Balam Kú,216,https://simec.conanp.gob.mx/ficha.php?anp=216,https://simec.conanp.gob.mx/ficha_pdf.php?anp=216&reg=,Ver ficha para decretos y programa de manejo
Balandra,131,https://simec.conanp.gob.mx/ficha.php?anp=131,https://simec.conanp.gob.mx/ficha_pdf.php?anp=131&reg=,Ver ficha para decretos y programa de manejo
Banco Chinchorro,53,https://simec.conanp.gob.mx/ficha.php?anp=53,https://simec.conanp.gob.mx/ficha_pdf.php?anp=53&reg=,Ver ficha para decretos y programa de manejo
Barra de la Cruz - Playa Grande,220,https://simec.conanp.gob.mx/ficha.php?anp=220,https://simec.conanp.gob.mx/ficha_pdf.php?anp=220&reg=,Ver ficha para decretos y programa de manejo
Barranca de Metztitlán,9,https://simec.conanp.gob.mx/ficha.php?anp=9,https://simec.conanp.gob.mx/ficha_pdf.php?anp=9&reg=,Ver ficha para decretos y programa de manejo
Barranca del Cupatitzio,3,https://simec.conanp.gob.mx/ficha.php?anp=3,https://simec.conanp.gob.mx/ficha_pdf.php?anp=3&reg=,Ver ficha para decretos y programa de manejo
Bavispe,193,https://simec.conanp.gob.mx/ficha.php?anp=193,https://simec.conanp.gob.mx/ficha_pdf.php?anp=193&reg=,Ver ficha para decretos y programa de manejo
Benito Juárez,127,https://simec.conanp.gob.mx/ficha.php?anp=127,https://simec.conanp.gob.mx/ficha_pdf.php?anp=127&reg=,Ver ficha para decretos y programa de manejo
Bonampak,126,https://simec.conanp.gob.mx/ficha.php?anp=126,https://simec.conanp.gob.mx/ficha_pdf.php?anp=126&reg=,Ver ficha para decretos y programa de manejo
Boquerón de Tonalá,125,https://simec.conanp.gob.mx/ficha.php?anp=125,https://simec.conanp.gob.mx/ficha_pdf.php?anp=125&reg=,Ver ficha para decretos y programa de manejo
Bosencheve,6,https://simec.conanp.gob.mx/ficha.php?anp=6,https://simec.conanp.gob.mx/ficha_pdf.php?anp=6&reg=,Ver ficha para decretos y programa de manejo
CADNR 001 Pabellón,13,https://simec.conanp.gob.mx/ficha.php?anp=13,https://simec.conanp.gob.mx/ficha_pdf.php?anp=13&reg=,Ver ficha para decretos y programa de manejo
CADNR 004 Don Martín,152,https://simec.conanp.gob.mx/ficha.php?anp=152,https://simec.conanp.gob.mx/ficha_pdf.php?anp=152&reg=,Ver ficha para decretos y programa de manejo
CADNR 026 Bajo Río San Juan,173,https://simec.conanp.gob.mx/ficha.php?anp=173,https://simec.conanp.gob.mx/ficha_pdf.php?anp=173&reg=,Ver ficha para decretos y programa de manejo
CADNR 043 Estado de Nayarit,4,https://simec.conanp.gob.mx/ficha.php?anp=4,https://simec.conanp.gob.mx/ficha_pdf.php?anp=4&reg=,Ver ficha para decretos y programa de manejo
Cabo Pulmo,111,https://simec.conanp.gob.mx/ficha.php?anp=111,https://simec.conanp.gob.mx/ficha_pdf.php?anp=111&reg=,Ver ficha para decretos y programa de manejo
Cabo San Lucas,113,https://simec.conanp.gob.mx/ficha.php?anp=113,https://simec.conanp.gob.mx/ficha_pdf.php?anp=113&reg=,Ver ficha para decretos y programa de manejo
Calakmul,85,https://simec.conanp.gob.mx/ficha.php?anp=85,https://simec.conanp.gob.mx/ficha_pdf.php?anp=85&reg=,Ver ficha para decretos y programa de manejo
Campo Verde,7,https://simec.conanp.gob.mx/ficha.php?anp=7,https://simec.conanp.gob.mx/ficha_pdf.php?anp=7&reg=,Ver ficha para decretos y programa de manejo
Canoas,225,https://simec.conanp.gob.mx/ficha.php?anp=225,https://simec.conanp.gob.mx/ficha_pdf.php?anp=225&reg=,Ver ficha para decretos y programa de manejo
Caribe Mexicano,191,https://simec.conanp.gob.mx/ficha.php?anp=191,https://simec.conanp.gob.mx/ficha_pdf.php?anp=191&reg=,Ver ficha para decretos y programa de manejo
Carmen Serdán,229,https://simec.conanp.gob.mx/ficha.php?anp=229,https://simec.conanp.gob.mx/ficha_pdf.php?anp=229&reg=,Ver ficha para decretos y programa de manejo
Cascada de Bassaseachic,8,https://simec.conanp.gob.mx/ficha.php?anp=8,https://simec.conanp.gob.mx/ficha_pdf.php?anp=8&reg=,Ver ficha para decretos y programa de manejo
Cascadas de Agua Azul,130,https://simec.conanp.gob.mx/ficha.php?anp=130,https://simec.conanp.gob.mx/ficha_pdf.php?anp=130&reg=,Ver ficha para decretos y programa de manejo
Cañón de Santa Elena,144,https://simec.conanp.gob.mx/ficha.php?anp=144,https://simec.conanp.gob.mx/ficha_pdf.php?anp=144&reg=,Ver ficha para decretos y programa de manejo
Cañón del Río Blanco,110,https://simec.conanp.gob.mx/ficha.php?anp=110,https://simec.conanp.gob.mx/ficha_pdf.php?anp=110&reg=,Ver ficha para decretos y programa de manejo
Cañón del Sumidero,128,https://simec.conanp.gob.mx/ficha.php?anp=128,https://simec.conanp.gob.mx/ficha_pdf.php?anp=128&reg=,Ver ficha para decretos y programa de manejo
Cañón del Usumacinta,160,https://simec.conanp.gob.mx/ficha.php?anp=160,https://simec.conanp.gob.mx/ficha_pdf.php?anp=160&reg=,Ver ficha para decretos y programa de manejo
Cenote Aerolito,207,https://simec.conanp.gob.mx/ficha.php?anp=207,https://simec.conanp.gob.mx/ficha_pdf.php?anp=207&reg=,Ver ficha para decretos y programa de manejo
Cerro Mohinora,183,https://simec.conanp.gob.mx/ficha.php?anp=183,https://simec.conanp.gob.mx/ficha_pdf.php?anp=183&reg=,Ver ficha para decretos y programa de manejo
Cerro de Garnica,66,https://simec.conanp.gob.mx/ficha.php?anp=66,https://simec.conanp.gob.mx/ficha_pdf.php?anp=66&reg=,Ver ficha para decretos y programa de manejo
Cerro de la Estrella,17,https://simec.conanp.gob.mx/ficha.php?anp=17,https://simec.conanp.gob.mx/ficha_pdf.php?anp=17&reg=,Ver ficha para decretos y programa de manejo
Cerro de la Silla,137,https://simec.conanp.gob.mx/ficha.php?anp=137,https://simec.conanp.gob.mx/ficha_pdf.php?anp=137&reg=,Ver ficha para decretos y programa de manejo
Cerro de las Campanas,16,https://simec.conanp.gob.mx/ficha.php?anp=16,https://simec.conanp.gob.mx/ficha_pdf.php?anp=16&reg=,Ver ficha para decretos y programa de manejo
Chamela-Cuixmala,10,https://simec.conanp.gob.mx/ficha.php?anp=10,https://simec.conanp.gob.mx/ficha_pdf.php?anp=10&reg=,Ver ficha para decretos y programa de manejo
Chan-Kin,175,https://simec.conanp.gob.mx/ficha.php?anp=175,https://simec.conanp.gob.mx/ficha_pdf.php?anp=175&reg=,Ver ficha para decretos y programa de manejo
Chunyaxché,246,https://simec.conanp.gob.mx/ficha.php?anp=246,https://simec.conanp.gob.mx/ficha_pdf.php?anp=246&reg=,Ver ficha para decretos y programa de manejo
Ciénegas del Lerma,20,https://simec.conanp.gob.mx/ficha.php?anp=20,https://simec.conanp.gob.mx/ficha_pdf.php?anp=20&reg=,Ver ficha para decretos y programa de manejo
Cofre de Perote o Nauhcampatépetl,112,https://simec.conanp.gob.mx/ficha.php?anp=112,https://simec.conanp.gob.mx/ficha_pdf.php?anp=112&reg=,Ver ficha para decretos y programa de manejo
Complejo Lagunar Ojo de Liebre,114,https://simec.conanp.gob.mx/ficha.php?anp=114,https://simec.conanp.gob.mx/ficha_pdf.php?anp=114&reg=,Ver ficha para decretos y programa de manejo
Constitución de 1857,115,https://simec.conanp.gob.mx/ficha.php?anp=115,https://simec.conanp.gob.mx/ficha_pdf.php?anp=115&reg=,Ver ficha para decretos y programa de manejo
Corredor Biológico Chichinautzin,39,https://simec.conanp.gob.mx/ficha.php?anp=39,https://simec.conanp.gob.mx/ficha_pdf.php?anp=39&reg=,Ver ficha para decretos y programa de manejo
"Costa Occidental de Isla Mujeres, Punta Cancún y Punta Nizuc",88,https://simec.conanp.gob.mx/ficha.php?anp=88,https://simec.conanp.gob.mx/ficha_pdf.php?anp=88&reg=,Ver ficha para decretos y programa de manejo
Cotorra Serrana Occidental,222,https://simec.conanp.gob.mx/ficha.php?anp=222,https://simec.conanp.gob.mx/ficha_pdf.php?anp=222&reg=,Ver ficha para decretos y programa de manejo
Cuatrociénegas,151,https://simec.conanp.gob.mx/ficha.php?anp=151,https://simec.conanp.gob.mx/ficha_pdf.php?anp=151&reg=,Ver ficha para decretos y programa de manejo
Cumbres de Majalca,21,https://simec.conanp.gob.mx/ficha.php?anp=21,https://simec.conanp.gob.mx/ficha_pdf.php?anp=21&reg=,Ver ficha para decretos y programa de manejo
Cumbres de Monterrey,153,https://simec.conanp.gob.mx/ficha.php?anp=153,https://simec.conanp.gob.mx/ficha_pdf.php?anp=153&reg=,Ver ficha para decretos y programa de manejo
Cumbres del Ajusco,58,https://simec.conanp.gob.mx/ficha.php?anp=58,https://simec.conanp.gob.mx/ficha_pdf.php?anp=58&reg=,Ver ficha para decretos y programa de manejo
Desierto de los Leones,63,https://simec.conanp.gob.mx/ficha.php?anp=63,https://simec.conanp.gob.mx/ficha_pdf.php?anp=63&reg=,Ver ficha para decretos y programa de manejo
Desierto del Carmen o de Nixcongo,62,https://simec.conanp.gob.mx/ficha.php?anp=62,https://simec.conanp.gob.mx/ficha_pdf.php?anp=62&reg=,Ver ficha para decretos y programa de manejo
Dzibilchantún,89,https://simec.conanp.gob.mx/ficha.php?anp=89,https://simec.conanp.gob.mx/ficha_pdf.php?anp=89&reg=,Ver ficha para decretos y programa de manejo
El Chico,65,https://simec.conanp.gob.mx/ficha.php?anp=65,https://simec.conanp.gob.mx/ficha_pdf.php?anp=65&reg=,Ver ficha para decretos y programa de manejo
El Cimatario,67,https://simec.conanp.gob.mx/ficha.php?anp=67,https://simec.conanp.gob.mx/ficha_pdf.php?anp=67&reg=,Ver ficha para decretos y programa de manejo
El Histórico Coyoacán,69,https://simec.conanp.gob.mx/ficha.php?anp=69,https://simec.conanp.gob.mx/ficha_pdf.php?anp=69&reg=,Ver ficha para decretos y programa de manejo
El Jabalí,14,https://simec.conanp.gob.mx/ficha.php?anp=14,https://simec.conanp.gob.mx/ficha_pdf.php?anp=14&reg=,Ver ficha para decretos y programa de manejo
El Lago de Camécuaro,36,https://simec.conanp.gob.mx/ficha.php?anp=36,https://simec.conanp.gob.mx/ficha_pdf.php?anp=36&reg=,Ver ficha para decretos y programa de manejo
El Pinacate y Gran Desierto de Altar,24,https://simec.conanp.gob.mx/ficha.php?anp=24,https://simec.conanp.gob.mx/ficha_pdf.php?anp=24&reg=,Ver ficha para decretos y programa de manejo
El Potosí,154,https://simec.conanp.gob.mx/ficha.php?anp=154,https://simec.conanp.gob.mx/ficha_pdf.php?anp=154&reg=,Ver ficha para decretos y programa de manejo
El Sabinal,149,https://simec.conanp.gob.mx/ficha.php?anp=149,https://simec.conanp.gob.mx/ficha_pdf.php?anp=149&reg=,Ver ficha para decretos y programa de manejo
El Tepeyac,70,https://simec.conanp.gob.mx/ficha.php?anp=70,https://simec.conanp.gob.mx/ficha_pdf.php?anp=70&reg=,Ver ficha para decretos y programa de manejo
El Tepozteco,71,https://simec.conanp.gob.mx/ficha.php?anp=71,https://simec.conanp.gob.mx/ficha_pdf.php?anp=71&reg=,Ver ficha para decretos y programa de manejo
El Triunfo,166,https://simec.conanp.gob.mx/ficha.php?anp=166,https://simec.conanp.gob.mx/ficha_pdf.php?anp=166&reg=,Ver ficha para decretos y programa de manejo
El Veladero,74,https://simec.conanp.gob.mx/ficha.php?anp=74,https://simec.conanp.gob.mx/ficha_pdf.php?anp=74&reg=,Ver ficha para decretos y programa de manejo
El Vizcaíno,116,https://simec.conanp.gob.mx/ficha.php?anp=116,https://simec.conanp.gob.mx/ficha_pdf.php?anp=116&reg=,Ver ficha para decretos y programa de manejo
Felipe Carrillo Puerto,242,https://simec.conanp.gob.mx/ficha.php?anp=242,https://simec.conanp.gob.mx/ficha_pdf.php?anp=242&reg=,Ver ficha para decretos y programa de manejo
Fuentes Brotantes de Tlalpan,75,https://simec.conanp.gob.mx/ficha.php?anp=75,https://simec.conanp.gob.mx/ficha_pdf.php?anp=75&reg=,Ver ficha para decretos y programa de manejo
General Juan Álvarez,76,https://simec.conanp.gob.mx/ficha.php?anp=76,https://simec.conanp.gob.mx/ficha_pdf.php?anp=76&reg=,Ver ficha para decretos y programa de manejo
Gogorrón,156,https://simec.conanp.gob.mx/ficha.php?anp=156,https://simec.conanp.gob.mx/ficha_pdf.php?anp=156&reg=,Ver ficha para decretos y programa de manejo
Grutas de Cacahuamilpa,79,https://simec.conanp.gob.mx/ficha.php?anp=79,https://simec.conanp.gob.mx/ficha_pdf.php?anp=79&reg=,Ver ficha para decretos y programa de manejo
Hermenegildo Galeana,205,https://simec.conanp.gob.mx/ficha.php?anp=205,https://simec.conanp.gob.mx/ficha_pdf.php?anp=205&reg=,Ver ficha para decretos y programa de manejo
Huatulco,134,https://simec.conanp.gob.mx/ficha.php?anp=134,https://simec.conanp.gob.mx/ficha_pdf.php?anp=134&reg=,Ver ficha para decretos y programa de manejo
Huatulco II,213,https://simec.conanp.gob.mx/ficha.php?anp=213,https://simec.conanp.gob.mx/ficha_pdf.php?anp=213&reg=,Ver ficha para decretos y programa de manejo
Humedales de Montaña La Kisst y Maria Eugenia,221,https://simec.conanp.gob.mx/ficha.php?anp=221,https://simec.conanp.gob.mx/ficha_pdf.php?anp=221&reg=,Ver ficha para decretos y programa de manejo
Insurgente José María Morelos,15,https://simec.conanp.gob.mx/ficha.php?anp=15,https://simec.conanp.gob.mx/ficha_pdf.php?anp=15&reg=,Ver ficha para decretos y programa de manejo
Insurgente Miguel Hidalgo y Costilla,86,https://simec.conanp.gob.mx/ficha.php?anp=86,https://simec.conanp.gob.mx/ficha_pdf.php?anp=86&reg=,Ver ficha para decretos y programa de manejo
Isla Contoy,90,https://simec.conanp.gob.mx/ficha.php?anp=90,https://simec.conanp.gob.mx/ficha_pdf.php?anp=90&reg=,Ver ficha para decretos y programa de manejo
Isla Guadalupe,124,https://simec.conanp.gob.mx/ficha.php?anp=124,https://simec.conanp.gob.mx/ficha_pdf.php?anp=124&reg=,Ver ficha para decretos y programa de manejo
Isla Isabel,19,https://simec.conanp.gob.mx/ficha.php?anp=19,https://simec.conanp.gob.mx/ficha_pdf.php?anp=19&reg=,Ver ficha para decretos y programa de manejo
Isla San Pedro Mártir,25,https://simec.conanp.gob.mx/ficha.php?anp=25,https://simec.conanp.gob.mx/ficha_pdf.php?anp=25&reg=,Ver ficha para decretos y programa de manejo
"Islas La Pajarera, Cocinas, Mamut, Colorada, San Pedro, San Agustín, San Andrés y Negrita, y los Islotes Los Anegados, Novillas, Mosca y Submarino",29,https://simec.conanp.gob.mx/ficha.php?anp=29,https://simec.conanp.gob.mx/ficha_pdf.php?anp=29&reg=,Ver ficha para decretos y programa de manejo
Islas Marietas,27,https://simec.conanp.gob.mx/ficha.php?anp=27,https://simec.conanp.gob.mx/ficha_pdf.php?anp=27&reg=,Ver ficha para decretos y programa de manejo
Islas Marías,23,https://simec.conanp.gob.mx/ficha.php?anp=23,https://simec.conanp.gob.mx/ficha_pdf.php?anp=23&reg=,Ver ficha para decretos y programa de manejo
Islas del Golfo de California,80,https://simec.conanp.gob.mx/ficha.php?anp=80,https://simec.conanp.gob.mx/ficha_pdf.php?anp=80&reg=,Ver ficha para decretos y programa de manejo
Islas del Pacífico de la Península de Baja California,189,https://simec.conanp.gob.mx/ficha.php?anp=189,https://simec.conanp.gob.mx/ficha_pdf.php?anp=189&reg=,Ver ficha para decretos y programa de manejo
Iztaccíhuatl-Popocatépetl,87,https://simec.conanp.gob.mx/ficha.php?anp=87,https://simec.conanp.gob.mx/ficha_pdf.php?anp=87&reg=,Ver ficha para decretos y programa de manejo
Jacinto Pat,206,https://simec.conanp.gob.mx/ficha.php?anp=206,https://simec.conanp.gob.mx/ficha_pdf.php?anp=206&reg=,Ver ficha para decretos y programa de manejo
Jaguar,198,https://simec.conanp.gob.mx/ficha.php?anp=198,https://simec.conanp.gob.mx/ficha_pdf.php?anp=198&reg=,Ver ficha para decretos y programa de manejo
Janos,26,https://simec.conanp.gob.mx/ficha.php?anp=26,https://simec.conanp.gob.mx/ficha_pdf.php?anp=26&reg=,Ver ficha para decretos y programa de manejo
Juan M. Banderas,210,https://simec.conanp.gob.mx/ficha.php?anp=210,https://simec.conanp.gob.mx/ficha_pdf.php?anp=210&reg=,Ver ficha para decretos y programa de manejo
Kowtahyolo,247,https://simec.conanp.gob.mx/ficha.php?anp=247,https://simec.conanp.gob.mx/ficha_pdf.php?anp=247&reg=,Ver ficha para decretos y programa de manejo
La Encrucijada,163,https://simec.conanp.gob.mx/ficha.php?anp=163,https://simec.conanp.gob.mx/ficha_pdf.php?anp=163&reg=,Ver ficha para decretos y programa de manejo
La Michilía,28,https://simec.conanp.gob.mx/ficha.php?anp=28,https://simec.conanp.gob.mx/ficha_pdf.php?anp=28&reg=,Ver ficha para decretos y programa de manejo
La Primavera,35,https://simec.conanp.gob.mx/ficha.php?anp=35,https://simec.conanp.gob.mx/ficha_pdf.php?anp=35&reg=,Ver ficha para decretos y programa de manejo
La Sepultura,171,https://simec.conanp.gob.mx/ficha.php?anp=171,https://simec.conanp.gob.mx/ficha_pdf.php?anp=171&reg=,Ver ficha para decretos y programa de manejo
La montaña Malinche o Matlalcuéyatl,101,https://simec.conanp.gob.mx/ficha.php?anp=101,https://simec.conanp.gob.mx/ficha_pdf.php?anp=101&reg=,Ver ficha para decretos y programa de manejo
"La porción norte y la franja costera oriental, terrestres y marinas de la Isla de Cozumel",32,https://simec.conanp.gob.mx/ficha.php?anp=32,https://simec.conanp.gob.mx/ficha_pdf.php?anp=32&reg=,Ver ficha para decretos y programa de manejo
Lacan-Tun,159,https://simec.conanp.gob.mx/ficha.php?anp=159,https://simec.conanp.gob.mx/ficha_pdf.php?anp=159&reg=,Ver ficha para decretos y programa de manejo
Lago Tláhuac-Xico,239,https://simec.conanp.gob.mx/ficha.php?anp=239,https://simec.conanp.gob.mx/ficha_pdf.php?anp=239&reg=,Ver ficha para decretos y programa de manejo
Lago de Texcoco,197,https://simec.conanp.gob.mx/ficha.php?anp=197,https://simec.conanp.gob.mx/ficha_pdf.php?anp=197&reg=,Ver ficha para decretos y programa de manejo
Laguna Madre y Delta del Río Bravo,122,https://simec.conanp.gob.mx/ficha.php?anp=122,https://simec.conanp.gob.mx/ficha_pdf.php?anp=122&reg=,Ver ficha para decretos y programa de manejo
Laguna de Términos,118,https://simec.conanp.gob.mx/ficha.php?anp=118,https://simec.conanp.gob.mx/ficha_pdf.php?anp=118&reg=,Ver ficha para decretos y programa de manejo
Lagunas de Chacahua,165,https://simec.conanp.gob.mx/ficha.php?anp=165,https://simec.conanp.gob.mx/ficha_pdf.php?anp=165&reg=,Ver ficha para decretos y programa de manejo
Lagunas de Montebello,167,https://simec.conanp.gob.mx/ficha.php?anp=167,https://simec.conanp.gob.mx/ficha_pdf.php?anp=167&reg=,Ver ficha para decretos y programa de manejo
Lagunas de Zempoala,98,https://simec.conanp.gob.mx/ficha.php?anp=98,https://simec.conanp.gob.mx/ficha_pdf.php?anp=98&reg=,Ver ficha para decretos y programa de manejo
Las Huertas,38,https://simec.conanp.gob.mx/ficha.php?anp=38,https://simec.conanp.gob.mx/ficha_pdf.php?anp=38&reg=,Ver ficha para decretos y programa de manejo
Lomas de Padierna,99,https://simec.conanp.gob.mx/ficha.php?anp=99,https://simec.conanp.gob.mx/ficha_pdf.php?anp=99&reg=,Ver ficha para decretos y programa de manejo
Loreto II,203,https://simec.conanp.gob.mx/ficha.php?anp=203,https://simec.conanp.gob.mx/ficha_pdf.php?anp=203&reg=,Ver ficha para decretos y programa de manejo
Los Mármoles,100,https://simec.conanp.gob.mx/ficha.php?anp=100,https://simec.conanp.gob.mx/ficha_pdf.php?anp=100&reg=,Ver ficha para decretos y programa de manejo
Los Novillos,150,https://simec.conanp.gob.mx/ficha.php?anp=150,https://simec.conanp.gob.mx/ficha_pdf.php?anp=150&reg=,Ver ficha para decretos y programa de manejo
Los Petenes,91,https://simec.conanp.gob.mx/ficha.php?anp=91,https://simec.conanp.gob.mx/ficha_pdf.php?anp=91&reg=,Ver ficha para decretos y programa de manejo
Los Remedios,102,https://simec.conanp.gob.mx/ficha.php?anp=102,https://simec.conanp.gob.mx/ficha_pdf.php?anp=102&reg=,Ver ficha para decretos y programa de manejo
Los Tuxtlas,138,https://simec.conanp.gob.mx/ficha.php?anp=138,https://simec.conanp.gob.mx/ficha_pdf.php?anp=138&reg=,Ver ficha para decretos y programa de manejo
Maderas del Carmen,158,https://simec.conanp.gob.mx/ficha.php?anp=158,https://simec.conanp.gob.mx/ficha_pdf.php?anp=158&reg=,Ver ficha para decretos y programa de manejo
Manglares de Nichupté,95,https://simec.conanp.gob.mx/ficha.php?anp=95,https://simec.conanp.gob.mx/ficha_pdf.php?anp=95&reg=,Ver ficha para decretos y programa de manejo
Manglares de Puerto Morelos,233,https://simec.conanp.gob.mx/ficha.php?anp=233,https://simec.conanp.gob.mx/ficha_pdf.php?anp=233&reg=,Ver ficha para decretos y programa de manejo
Mapimí,139,https://simec.conanp.gob.mx/ficha.php?anp=139,https://simec.conanp.gob.mx/ficha_pdf.php?anp=139&reg=,Ver ficha para decretos y programa de manejo
Mariposa Monarca,40,https://simec.conanp.gob.mx/ficha.php?anp=40,https://simec.conanp.gob.mx/ficha_pdf.php?anp=40&reg=,Ver ficha para decretos y programa de manejo
Marismas Nacionales Nayarit,77,https://simec.conanp.gob.mx/ficha.php?anp=77,https://simec.conanp.gob.mx/ficha_pdf.php?anp=77&reg=,Ver ficha para decretos y programa de manejo
Meseta de Cacaxtla,5,https://simec.conanp.gob.mx/ficha.php?anp=5,https://simec.conanp.gob.mx/ficha_pdf.php?anp=5&reg=,Ver ficha para decretos y programa de manejo
Metzabok,140,https://simec.conanp.gob.mx/ficha.php?anp=140,https://simec.conanp.gob.mx/ficha_pdf.php?anp=140&reg=,Ver ficha para decretos y programa de manejo
Molino de Flores Netzahualcóyotl,103,https://simec.conanp.gob.mx/ficha.php?anp=103,https://simec.conanp.gob.mx/ficha_pdf.php?anp=103&reg=,Ver ficha para decretos y programa de manejo
Montes Azules,172,https://simec.conanp.gob.mx/ficha.php?anp=172,https://simec.conanp.gob.mx/ficha_pdf.php?anp=172&reg=,Ver ficha para decretos y programa de manejo
Médanos de Samalayuca,33,https://simec.conanp.gob.mx/ficha.php?anp=33,https://simec.conanp.gob.mx/ficha_pdf.php?anp=33&reg=,Ver ficha para decretos y programa de manejo
Nahá,68,https://simec.conanp.gob.mx/ficha.php?anp=68,https://simec.conanp.gob.mx/ficha_pdf.php?anp=68&reg=,Ver ficha para decretos y programa de manejo
Nevado de Toluca,104,https://simec.conanp.gob.mx/ficha.php?anp=104,https://simec.conanp.gob.mx/ficha_pdf.php?anp=104&reg=,Ver ficha para decretos y programa de manejo
Nopoló,208,https://simec.conanp.gob.mx/ficha.php?anp=208,https://simec.conanp.gob.mx/ficha_pdf.php?anp=208&reg=,Ver ficha para decretos y programa de manejo
Nuevo Uxmal,234,https://simec.conanp.gob.mx/ficha.php?anp=234,https://simec.conanp.gob.mx/ficha_pdf.php?anp=234&reg=,Ver ficha para decretos y programa de manejo
Ocampo,146,https://simec.conanp.gob.mx/ficha.php?anp=146,https://simec.conanp.gob.mx/ficha_pdf.php?anp=146&reg=,Ver ficha para decretos y programa de manejo
Otoch Maax Yetel Kooh,92,https://simec.conanp.gob.mx/ficha.php?anp=92,https://simec.conanp.gob.mx/ficha_pdf.php?anp=92&reg=,Ver ficha para decretos y programa de manejo
Pacífico Mexicano Profundo,190,https://simec.conanp.gob.mx/ficha.php?anp=190,https://simec.conanp.gob.mx/ficha_pdf.php?anp=190&reg=,Ver ficha para decretos y programa de manejo
Palenque,133,https://simec.conanp.gob.mx/ficha.php?anp=133,https://simec.conanp.gob.mx/ficha_pdf.php?anp=133&reg=,Ver ficha para decretos y programa de manejo
Pantanos de Centla,145,https://simec.conanp.gob.mx/ficha.php?anp=145,https://simec.conanp.gob.mx/ficha_pdf.php?anp=145&reg=,Ver ficha para decretos y programa de manejo
Papigochic,43,https://simec.conanp.gob.mx/ficha.php?anp=43,https://simec.conanp.gob.mx/ficha_pdf.php?anp=43&reg=,Ver ficha para decretos y programa de manejo
Peña Colorada,200,https://simec.conanp.gob.mx/ficha.php?anp=200,https://simec.conanp.gob.mx/ficha_pdf.php?anp=200&reg=,Ver ficha para decretos y programa de manejo
Pico de Orizaba,106,https://simec.conanp.gob.mx/ficha.php?anp=106,https://simec.conanp.gob.mx/ficha_pdf.php?anp=106&reg=,Ver ficha para decretos y programa de manejo
Pico de Tancítaro,78,https://simec.conanp.gob.mx/ficha.php?anp=78,https://simec.conanp.gob.mx/ficha_pdf.php?anp=78&reg=,Ver ficha para decretos y programa de manejo
Playa Cahuitán,228,https://simec.conanp.gob.mx/ficha.php?anp=228,https://simec.conanp.gob.mx/ficha_pdf.php?anp=228&reg=,Ver ficha para decretos y programa de manejo
Playa Ceuta,11,https://simec.conanp.gob.mx/ficha.php?anp=11,https://simec.conanp.gob.mx/ficha_pdf.php?anp=11&reg=,Ver ficha para decretos y programa de manejo
Playa Chacahua,164,https://simec.conanp.gob.mx/ficha.php?anp=164,https://simec.conanp.gob.mx/ficha_pdf.php?anp=164&reg=,Ver ficha para decretos y programa de manejo
Playa Chenkan,236,https://simec.conanp.gob.mx/ficha.php?anp=236,https://simec.conanp.gob.mx/ficha_pdf.php?anp=236&reg=,Ver ficha para decretos y programa de manejo
Playa Colola,199,https://simec.conanp.gob.mx/ficha.php?anp=199,https://simec.conanp.gob.mx/ficha_pdf.php?anp=199&reg=,Ver ficha para decretos y programa de manejo
Playa Cuitzmala,46,https://simec.conanp.gob.mx/ficha.php?anp=46,https://simec.conanp.gob.mx/ficha_pdf.php?anp=46&reg=,Ver ficha para decretos y programa de manejo
Playa Delfines,212,https://simec.conanp.gob.mx/ficha.php?anp=212,https://simec.conanp.gob.mx/ficha_pdf.php?anp=212&reg=,Ver ficha para decretos y programa de manejo
Playa El Tecuán,51,https://simec.conanp.gob.mx/ficha.php?anp=51,https://simec.conanp.gob.mx/ficha_pdf.php?anp=51&reg=,Ver ficha para decretos y programa de manejo
Playa El Verde Camacho,219,https://simec.conanp.gob.mx/ficha.php?anp=219,https://simec.conanp.gob.mx/ficha_pdf.php?anp=219&reg=,Ver ficha para decretos y programa de manejo
Playa Escobilla,176,https://simec.conanp.gob.mx/ficha.php?anp=176,https://simec.conanp.gob.mx/ficha_pdf.php?anp=176&reg=,Ver ficha para decretos y programa de manejo
Playa Huizache Caimanero,12,https://simec.conanp.gob.mx/ficha.php?anp=12,https://simec.conanp.gob.mx/ficha_pdf.php?anp=12&reg=,Ver ficha para decretos y programa de manejo
Playa Lechuguillas,218,https://simec.conanp.gob.mx/ficha.php?anp=218,https://simec.conanp.gob.mx/ficha_pdf.php?anp=218&reg=,Ver ficha para decretos y programa de manejo
Playa Maruata,47,https://simec.conanp.gob.mx/ficha.php?anp=47,https://simec.conanp.gob.mx/ficha_pdf.php?anp=47&reg=,Ver ficha para decretos y programa de manejo
Playa Mexiquillo,52,https://simec.conanp.gob.mx/ficha.php?anp=52,https://simec.conanp.gob.mx/ficha_pdf.php?anp=52&reg=,Ver ficha para decretos y programa de manejo
Playa Mismaloya,49,https://simec.conanp.gob.mx/ficha.php?anp=49,https://simec.conanp.gob.mx/ficha_pdf.php?anp=49&reg=,Ver ficha para decretos y programa de manejo
Playa Morro Ayuta,224,https://simec.conanp.gob.mx/ficha.php?anp=224,https://simec.conanp.gob.mx/ficha_pdf.php?anp=224&reg=,Ver ficha para decretos y programa de manejo
Playa Piedra de Tlacoyunque,72,https://simec.conanp.gob.mx/ficha.php?anp=72,https://simec.conanp.gob.mx/ficha_pdf.php?anp=72&reg=,Ver ficha para decretos y programa de manejo
Playa Platanitos,232,https://simec.conanp.gob.mx/ficha.php?anp=232,https://simec.conanp.gob.mx/ficha_pdf.php?anp=232&reg=,Ver ficha para decretos y programa de manejo
Playa Puerto Arista,162,https://simec.conanp.gob.mx/ficha.php?anp=162,https://simec.conanp.gob.mx/ficha_pdf.php?anp=162&reg=,Ver ficha para decretos y programa de manejo
Playa Rancho Nuevo,143,https://simec.conanp.gob.mx/ficha.php?anp=143,https://simec.conanp.gob.mx/ficha_pdf.php?anp=143&reg=,Ver ficha para decretos y programa de manejo
Playa Ría Lagartos,60,https://simec.conanp.gob.mx/ficha.php?anp=60,https://simec.conanp.gob.mx/ficha_pdf.php?anp=60&reg=,Ver ficha para decretos y programa de manejo
Playa Teopa,55,https://simec.conanp.gob.mx/ficha.php?anp=55,https://simec.conanp.gob.mx/ficha_pdf.php?anp=55&reg=,Ver ficha para decretos y programa de manejo
Playa Tierra Colorada,34,https://simec.conanp.gob.mx/ficha.php?anp=34,https://simec.conanp.gob.mx/ficha_pdf.php?anp=34&reg=,Ver ficha para decretos y programa de manejo
Playas de Isla Contoy,93,https://simec.conanp.gob.mx/ficha.php?anp=93,https://simec.conanp.gob.mx/ficha_pdf.php?anp=93&reg=,Ver ficha para decretos y programa de manejo
Playas del Totonacapan,235,https://simec.conanp.gob.mx/ficha.php?anp=235,https://simec.conanp.gob.mx/ficha_pdf.php?anp=235&reg=,Ver ficha para decretos y programa de manejo
Rayón,56,https://simec.conanp.gob.mx/ficha.php?anp=56,https://simec.conanp.gob.mx/ficha_pdf.php?anp=56&reg=,Ver ficha para decretos y programa de manejo
Revillagigedo,82,https://simec.conanp.gob.mx/ficha.php?anp=82,https://simec.conanp.gob.mx/ficha_pdf.php?anp=82&reg=,Ver ficha para decretos y programa de manejo
Ricardo Flores Magón,214,https://simec.conanp.gob.mx/ficha.php?anp=214,https://simec.conanp.gob.mx/ficha_pdf.php?anp=214&reg=,Ver ficha para decretos y programa de manejo
Ría Celestún,54,https://simec.conanp.gob.mx/ficha.php?anp=54,https://simec.conanp.gob.mx/ficha_pdf.php?anp=54&reg=,Ver ficha para decretos y programa de manejo
Ría Lagartos,57,https://simec.conanp.gob.mx/ficha.php?anp=57,https://simec.conanp.gob.mx/ficha_pdf.php?anp=57&reg=,Ver ficha para decretos y programa de manejo
Río Bravo del Norte,155,https://simec.conanp.gob.mx/ficha.php?anp=155,https://simec.conanp.gob.mx/ficha_pdf.php?anp=155&reg=,Ver ficha para decretos y programa de manejo
Ríos y Montañas de la Comarca Lagunera,227,https://simec.conanp.gob.mx/ficha.php?anp=227,https://simec.conanp.gob.mx/ficha_pdf.php?anp=227&reg=,Ver ficha para decretos y programa de manejo
Sacromonte,105,https://simec.conanp.gob.mx/ficha.php?anp=105,https://simec.conanp.gob.mx/ficha_pdf.php?anp=105&reg=,Ver ficha para decretos y programa de manejo
San Buenaventura,211,https://simec.conanp.gob.mx/ficha.php?anp=211,https://simec.conanp.gob.mx/ficha_pdf.php?anp=211&reg=,Ver ficha para decretos y programa de manejo
San Quintín,209,https://simec.conanp.gob.mx/ficha.php?anp=209,https://simec.conanp.gob.mx/ficha_pdf.php?anp=209&reg=,Ver ficha para decretos y programa de manejo
Selva El Ocote,174,https://simec.conanp.gob.mx/ficha.php?anp=174,https://simec.conanp.gob.mx/ficha_pdf.php?anp=174&reg=,Ver ficha para decretos y programa de manejo
Semidesierto Zacatecano,223,https://simec.conanp.gob.mx/ficha.php?anp=223,https://simec.conanp.gob.mx/ficha_pdf.php?anp=223&reg=,Ver ficha para decretos y programa de manejo
Sian Kaan,97,https://simec.conanp.gob.mx/ficha.php?anp=97,https://simec.conanp.gob.mx/ficha_pdf.php?anp=97&reg=,Ver ficha para decretos y programa de manejo
Sierra Gorda,108,https://simec.conanp.gob.mx/ficha.php?anp=108,https://simec.conanp.gob.mx/ficha_pdf.php?anp=108&reg=,Ver ficha para decretos y programa de manejo
Sierra Gorda de Guanajuato,109,https://simec.conanp.gob.mx/ficha.php?anp=109,https://simec.conanp.gob.mx/ficha_pdf.php?anp=109&reg=,Ver ficha para decretos y programa de manejo
Sierra La Mojonera,148,https://simec.conanp.gob.mx/ficha.php?anp=148,https://simec.conanp.gob.mx/ficha_pdf.php?anp=148&reg=,Ver ficha para decretos y programa de manejo
Sierra Tecuani,240,https://simec.conanp.gob.mx/ficha.php?anp=240,https://simec.conanp.gob.mx/ficha_pdf.php?anp=240&reg=,Ver ficha para decretos y programa de manejo
Sierra de Huautla,107,https://simec.conanp.gob.mx/ficha.php?anp=107,https://simec.conanp.gob.mx/ficha_pdf.php?anp=107&reg=,Ver ficha para decretos y programa de manejo
Sierra de Manantlán,59,https://simec.conanp.gob.mx/ficha.php?anp=59,https://simec.conanp.gob.mx/ficha_pdf.php?anp=59&reg=,Ver ficha para decretos y programa de manejo
Sierra de Quila,64,https://simec.conanp.gob.mx/ficha.php?anp=64,https://simec.conanp.gob.mx/ficha_pdf.php?anp=64&reg=,Ver ficha para decretos y programa de manejo
Sierra de San Miguelito,196,https://simec.conanp.gob.mx/ficha.php?anp=196,https://simec.conanp.gob.mx/ficha_pdf.php?anp=196&reg=,Ver ficha para decretos y programa de manejo
Sierra de San Pedro Mártir,119,https://simec.conanp.gob.mx/ficha.php?anp=119,https://simec.conanp.gob.mx/ficha_pdf.php?anp=119&reg=,Ver ficha para decretos y programa de manejo
Sierra de Tamaulipas,192,https://simec.conanp.gob.mx/ficha.php?anp=192,https://simec.conanp.gob.mx/ficha_pdf.php?anp=192&reg=,Ver ficha para decretos y programa de manejo
Sierra de Vallejo-Río Ameca,226,https://simec.conanp.gob.mx/ficha.php?anp=226,https://simec.conanp.gob.mx/ficha_pdf.php?anp=226&reg=,Ver ficha para decretos y programa de manejo
Sierra de Álamos-Río Cuchujaqui,22,https://simec.conanp.gob.mx/ficha.php?anp=22,https://simec.conanp.gob.mx/ficha_pdf.php?anp=22&reg=,Ver ficha para decretos y programa de manejo
Sierra de Álvarez,157,https://simec.conanp.gob.mx/ficha.php?anp=157,https://simec.conanp.gob.mx/ficha_pdf.php?anp=157&reg=,Ver ficha para decretos y programa de manejo
Sierra de Órganos,48,https://simec.conanp.gob.mx/ficha.php?anp=48,https://simec.conanp.gob.mx/ficha_pdf.php?anp=48&reg=,Ver ficha para decretos y programa de manejo
Sierra del Abra Tanchipa,147,https://simec.conanp.gob.mx/ficha.php?anp=147,https://simec.conanp.gob.mx/ficha_pdf.php?anp=147&reg=,Ver ficha para decretos y programa de manejo
Sierra la Laguna,120,https://simec.conanp.gob.mx/ficha.php?anp=120,https://simec.conanp.gob.mx/ficha_pdf.php?anp=120&reg=,Ver ficha para decretos y programa de manejo
Sistema Arrecifal Lobos -Tuxpan,132,https://simec.conanp.gob.mx/ficha.php?anp=132,https://simec.conanp.gob.mx/ficha_pdf.php?anp=132&reg=,Ver ficha para decretos y programa de manejo
Sistema Arrecifal Veracruzano,135,https://simec.conanp.gob.mx/ficha.php?anp=135,https://simec.conanp.gob.mx/ficha_pdf.php?anp=135&reg=,Ver ficha para decretos y programa de manejo
Tangolunda,241,https://simec.conanp.gob.mx/ficha.php?anp=241,https://simec.conanp.gob.mx/ficha_pdf.php?anp=241&reg=,Ver ficha para decretos y programa de manejo
Tehuacán-Cuicatlán,123,https://simec.conanp.gob.mx/ficha.php?anp=123,https://simec.conanp.gob.mx/ficha_pdf.php?anp=123&reg=,Ver ficha para decretos y programa de manejo
Tiburón Ballena,96,https://simec.conanp.gob.mx/ficha.php?anp=96,https://simec.conanp.gob.mx/ficha_pdf.php?anp=96&reg=,Ver ficha para decretos y programa de manejo
Tlachinoltepetl,237,https://simec.conanp.gob.mx/ficha.php?anp=237,https://simec.conanp.gob.mx/ficha_pdf.php?anp=237&reg=,Ver ficha para decretos y programa de manejo
Tula,142,https://simec.conanp.gob.mx/ficha.php?anp=142,https://simec.conanp.gob.mx/ficha_pdf.php?anp=142&reg=,Ver ficha para decretos y programa de manejo
Tulum,81,https://simec.conanp.gob.mx/ficha.php?anp=81,https://simec.conanp.gob.mx/ficha_pdf.php?anp=81&reg=,Ver ficha para decretos y programa de manejo
Tutuaca,50,https://simec.conanp.gob.mx/ficha.php?anp=50,https://simec.conanp.gob.mx/ficha_pdf.php?anp=50&reg=,Ver ficha para decretos y programa de manejo
Uaymil,94,https://simec.conanp.gob.mx/ficha.php?anp=94,https://simec.conanp.gob.mx/ficha_pdf.php?anp=94&reg=,Ver ficha para decretos y programa de manejo
Valle de los Cirios,121,https://simec.conanp.gob.mx/ficha.php?anp=121,https://simec.conanp.gob.mx/ficha_pdf.php?anp=121&reg=,Ver ficha para decretos y programa de manejo
Ventilas Hidrotermales de La Cuenca de Guaymas y de La Dorsal del Pacífico Oriental,136,https://simec.conanp.gob.mx/ficha.php?anp=136,https://simec.conanp.gob.mx/ficha_pdf.php?anp=136&reg=,Ver ficha para decretos y programa de manejo
Vicente Guerrero,201,https://simec.conanp.gob.mx/ficha.php?anp=201,https://simec.conanp.gob.mx/ficha_pdf.php?anp=201&reg=,Ver ficha para decretos y programa de manejo
Volcán Nevado de Colima,42,https://simec.conanp.gob.mx/ficha.php?anp=42,https://simec.conanp.gob.mx/ficha_pdf.php?anp=42&reg=,Ver ficha para decretos y programa de manejo
Volcán Tacaná,129,https://simec.conanp.gob.mx/ficha.php?anp=129,https://simec.conanp.gob.mx/ficha_pdf.php?anp=129&reg=,Ver ficha para decretos y programa de manejo
Wanha’,217,https://simec.conanp.gob.mx/ficha.php?anp=217,https://simec.conanp.gob.mx/ficha_pdf.php?anp=217&reg=,Ver ficha para decretos y programa de manejo
Xicoténcatl,161,https://simec.conanp.gob.mx/ficha.php?anp=161,https://simec.conanp.gob.mx/ficha_pdf.php?anp=161&reg=,Ver ficha para decretos y programa de manejo
Yagul,170,https://simec.conanp.gob.mx/ficha.php?anp=170,https://simec.conanp.gob.mx/ficha_pdf.php?anp=170&reg=,Ver ficha para decretos y programa de manejo
Yaxchilán,169,https://simec.conanp.gob.mx/ficha.php?anp=169,https://simec.conanp.gob.mx/ficha_pdf.php?anp=169&reg=,Ver ficha para decretos y programa de manejo
Yum Balam,44,https://simec.conanp.gob.mx/ficha.php?anp=44,https://simec.conanp.gob.mx/ficha_pdf.php?anp=44&reg=,Ver ficha para decretos y programa de manejo
Zicuirán - Infiernillo,73,https://simec.conanp.gob.mx/ficha.php?anp=73,https://simec.conanp.gob.mx/ficha_pdf.php?anp=73&reg=,Ver ficha para decretos y programa de manejo
"Zona Marina Bahía de los Angeles, Canales de Ballenas y de Salsipuedes",1,https://simec.conanp.gob.mx/ficha.php?anp=1,https://simec.conanp.gob.mx/ficha_pdf.php?anp=1&reg=,Ver ficha para decretos y programa de manejo
Zona Marina de la Isla Isabel,238,https://simec.conanp.gob.mx/ficha.php?anp=238,https://simec.conanp.gob.mx/ficha_pdf.php?anp=238&reg=,Ver ficha para decretos y programa de manejo
Zona Marina del Archipiélago de Espíritu Santo,141,https://simec.conanp.gob.mx/ficha.php?anp=141,https://simec.conanp.gob.mx/ficha_pdf.php?anp=141&reg=,Ver ficha para decretos y programa de manejo
Zona Marina del Archipiélago de San Lorenzo,18,https://simec.conanp.gob.mx/ficha.php?anp=18,https://simec.conanp.gob.mx/ficha_pdf.php?anp=18&reg=,Ver ficha para decretos y programa de manejo
Zona Protectora Forestal Vedada Cuenca  Hidrográfica del Río Necaxa,117,https://simec.conanp.gob.mx/ficha.php?anp=117,https://simec.conanp.gob.mx/ficha_pdf.php?anp=117&reg=,Ver ficha para decretos y programa de manejo
Zona Protectora Forestal Vedada los terrenos forestales de Villa Allende,252,https://simec.conanp.gob.mx/ficha.php?anp=252,https://simec.conanp.gob.mx/ficha_pdf.php?anp=252&reg=,Ver ficha para decretos y programa de manejo
"Zona Protectora Forestal los terrenos constitutivos de las cuencas de los ríos Valle de Bravo, Malacatepec, Tilostoc y Temascaltepec",41,https://simec.conanp.gob.mx/ficha.php?anp=41,https://simec.conanp.gob.mx/ficha_pdf.php?anp=41&reg=,Ver ficha para decretos y programa de manejo
"Zona de Protección Forestal en los terrenos que se encuentran en los municipios de La Concordia, Ángel Albino Corzo, Villa Flores y Jiquipilas, Chiapas",168,https://simec.conanp.gob.mx/ficha.php?anp=168,https://simec.conanp.gob.mx/ficha_pdf.php?anp=168&reg=,Ver ficha para decretos y programa de manejo
